1,1,28059,,1,0,11/03/2014,7:32
2,1,28059,,1,0,11/03/2014,12:07
3,1,28059,,1,0,11/03/2014,13:01
5,1,28059,,1,0,11/03/2014,17:04
6,1,28059,,1,0,11/03/2014,17:36
7,1,28059,,1,0,11/03/2014,18:22
8,1,28059,,1,0,11/04/2014,7:47
9,1,28059,,1,0,11/04/2014,12:02
10,1,28059,,1,0,11/04/2014,17:25
11,1,28059,,1,0,11/05/2014,7:53
12,1,28059,,1,0,11/05/2014,12:01
13,1,28059,,1,0,11/05/2014,12:42
14,1,28059,,1,0,11/05/2014,17:01
15,1,28059,,1,0,11/06/2014,7:53
16,1,28059,,1,0,11/06/2014,12:07
17,1,28059,,1,0,11/06/2014,12:48
18,1,28059,,1,0,11/06/2014,17:06
19,1,28059,,1,0,11/07/2014,7:49
20,1,28059,,1,0,11/07/2014,12:02
21,1,28059,,1,0,11/07/2014,12:56
22,1,28059,,1,0,11/07/2014,17:11
23,1,28059,,1,0,11/08/2014,1:53
24,1,28059,,1,0,11/08/2014,7:41
25,1,28059,,1,0,11/08/2014,19:21
26,1,28059,,1,0,11/09/2014,8:35
27,1,28059,,1,0,11/09/2014,19:04
28,1,28059,,1,0,11/10/2014,9:14
29,1,28059,,1,0,11/10/2014,11:58
30,1,28059,,1,0,11/10/2014,12:43
31,1,28059,,1,0,11/11/2014,7:52
32,1,28059,,1,0,11/11/2014,12:12
33,1,28059,,1,0,11/11/2014,12:50
34,1,28059,,1,0,11/11/2014,16:57
35,1,28059,,1,0,11/12/2014,6:44
36,1,28059,,1,0,11/12/2014,12:04
37,1,28059,,1,0,11/12/2014,12:43
38,1,28059,,1,0,11/12/2014,17:44
39,1,28059,,1,0,11/13/2014,7:43
40,1,28059,,1,0,11/13/2014,12:06
41,1,28059,,1,0,11/13/2014,12:32
42,1,28059,,1,0,11/13/2014,17:54
43,1,28059,,1,0,11/14/2014,7:51
44,1,28059,,1,0,11/14/2014,12:14
45,1,28059,,1,0,11/14/2014,12:45
46,1,28059,,1,0,11/14/2014,17:25
47,1,28059,,1,0,11/15/2014,7:52
48,1,28059,,1,0,11/15/2014,12:10
49,1,28059,,1,0,11/15/2014,12:43
50,1,28059,,1,0,11/15/2014,18:18
51,1,28059,,1,0,11/16/2014,12:15
52,1,28059,,1,0,11/16/2014,15:11
53,1,28059,,1,0,11/17/2014,7:41
54,1,28059,,1,0,11/17/2014,12:00
55,1,28059,,1,0,11/17/2014,12:37
56,1,28059,,1,0,11/17/2014,23:10
57,1,28059,,1,0,11/18/2014,12:04
58,1,28059,,1,0,11/18/2014,12:49
59,1,28059,,1,0,11/18/2014,17:34
60,1,28059,,1,0,11/18/2014,17:35
61,1,28059,,1,0,11/18/2014,19:37
62,1,28059,,1,0,11/19/2014,6:45
63,1,28059,,1,0,11/19/2014,12:47
64,1,28059,,1,0,11/19/2014,12:53
65,1,28059,,1,0,11/19/2014,17:55
66,1,28059,,1,0,11/20/2014,7:53
67,1,28059,,1,0,11/20/2014,17:37
68,1,28059,,1,0,11/21/2014,17:20
69,1,28059,,1,0,11/22/2014,7:55
70,1,28059,,1,0,11/22/2014,12:12
71,1,28059,,1,0,11/22/2014,19:29
72,1,28059,,1,0,11/24/2014,7:07
73,1,28059,,1,0,11/24/2014,12:02
74,1,28059,,1,0,11/24/2014,13:12
75,1,28059,,1,0,11/26/2014,6:06
76,1,28059,,1,0,11/26/2014,17:58
77,1,28059,,1,0,11/28/2014,12:40
78,1,28059,,1,0,11/28/2014,18:28
79,1,28059,,1,0,12/01/2014,12:03
80,1,28059,,1,0,12/01/2014,12:40
81,1,28059,,1,0,12/02/2014,7:47
82,1,28059,,1,0,12/02/2014,12:05
83,1,28059,,1,0,12/02/2014,12:41
84,1,28059,,1,0,12/02/2014,17:54
85,1,28059,,1,0,12/03/2014,7:22
86,1,28059,,1,0,12/03/2014,12:00
87,1,28059,,1,0,12/03/2014,12:56
88,1,28059,,1,0,12/03/2014,17:58
89,1,28059,,1,0,12/04/2014,7:56
90,1,28059,,1,0,12/04/2014,12:01
91,1,28059,,1,0,12/04/2014,12:47
92,1,28059,,1,0,12/04/2014,17:27
93,1,28059,,1,0,12/05/2014,7:49
94,1,28059,,1,0,12/05/2014,12:03
95,1,28059,,1,0,12/05/2014,12:55
96,1,28059,,1,0,12/05/2014,17:34
97,1,28059,,1,0,12/06/2014,7:42
98,1,28059,,1,0,12/06/2014,12:34
99,1,28059,,1,0,12/06/2014,17:08
100,1,28059,,1,0,12/07/2014,15:06
101,1,28059,,1,0,12/07/2014,17:23
102,1,28059,,1,0,12/08/2014,12:07
103,1,28059,,1,0,12/08/2014,12:53
104,1,28059,,1,0,12/08/2014,17:40
105,1,28059,,1,0,12/09/2014,17:04
106,1,28059,,1,0,12/10/2014,12:03
107,1,28059,,1,0,12/10/2014,12:57
108,1,28059,,1,0,12/10/2014,17:36
109,1,28059,,1,0,12/11/2014,7:33
110,1,28059,,1,0,12/11/2014,12:34
111,1,28059,,1,0,12/11/2014,12:45
112,1,28059,,1,0,12/11/2014,17:37
113,1,28059,,1,0,12/12/2014,7:57
114,1,28059,,1,0,12/12/2014,17:37
115,1,28059,,1,0,12/13/2014,7:56
116,1,28059,,1,0,12/13/2014,12:00
117,1,28059,,1,0,12/13/2014,12:46
118,1,28059,,1,0,12/15/2014,7:19
119,1,28059,,1,0,12/15/2014,11:56
120,1,28059,,1,0,12/15/2014,12:47
121,1,28059,,1,0,12/15/2014,17:07
122,1,28059,,1,0,12/16/2014,12:01
123,1,28059,,1,0,12/16/2014,12:45
124,1,28059,,1,0,12/16/2014,19:49
125,1,28059,,1,0,12/17/2014,7:24
126,1,28059,,1,0,12/17/2014,11:59
127,1,28059,,1,0,12/17/2014,12:52
128,1,28059,,1,0,12/17/2014,17:49
129,1,28059,,1,0,12/18/2014,7:56
130,1,28059,,1,0,12/18/2014,13:05
131,1,28059,,1,0,12/18/2014,17:15
132,1,28059,,1,0,12/19/2014,12:23
133,1,28059,,1,0,12/19/2014,12:44
134,1,28059,,1,0,12/19/2014,17:43
135,1,28059,,1,0,12/20/2014,7:56
136,1,28059,,1,0,12/20/2014,12:17
137,1,28059,,1,0,12/20/2014,12:35
138,1,28059,,1,0,12/20/2014,17:16
139,1,28059,,1,0,12/22/2014,7:43
140,1,28059,,1,0,12/22/2014,12:01
141,1,28059,,1,0,12/22/2014,12:39
142,1,28059,,1,0,12/22/2014,17:20
143,1,28059,,1,0,12/23/2014,7:47
144,1,28059,,1,0,12/23/2014,11:56
145,1,28059,,1,0,12/23/2014,12:32
146,1,28059,,1,0,12/23/2014,17:05
147,1,28059,,1,0,12/26/2014,6:38
148,1,28059,,1,0,12/26/2014,12:15
149,1,28059,,1,0,12/26/2014,12:52
150,1,28059,,1,0,12/26/2014,16:58
151,1,28059,,1,0,12/28/2014,13:26
152,1,28059,,1,0,12/28/2014,20:01
153,1,28059,,1,0,01/03/2015,12:06
154,1,28059,,1,0,01/03/2015,12:43
155,1,28059,,1,0,01/03/2015,19:53
156,1,28059,,1,0,01/05/2015,6:59
157,1,28059,,1,0,01/05/2015,17:11
158,1,28059,,1,0,01/05/2015,20:44
159,1,28059,,1,0,01/06/2015,19:41
160,1,28059,,1,0,01/07/2015,12:20
161,1,28059,,1,0,01/07/2015,12:44
162,1,28059,,1,0,01/07/2015,21:23
163,1,28059,,1,0,01/08/2015,6:04
164,1,28059,,1,0,01/08/2015,19:20
165,1,28059,,1,0,01/09/2015,6:57
166,1,28059,,1,0,01/09/2015,18:26
167,1,28059,,1,0,01/10/2015,12:13
168,1,28059,,1,0,01/10/2015,12:38
169,1,28059,,1,0,01/10/2015,17:23
170,1,28059,,1,0,01/12/2015,6:35
171,1,28059,,1,0,01/12/2015,17:25
172,1,28059,,1,0,01/13/2015,7:45
173,1,28059,,1,0,01/13/2015,12:24
174,1,28059,,1,0,01/13/2015,12:51
175,1,28059,,1,0,01/13/2015,16:58
176,1,28059,,1,0,01/14/2015,6:41
177,1,28059,,1,0,01/14/2015,12:11
178,1,28059,,1,0,01/14/2015,12:36
179,1,28059,,1,0,01/14/2015,17:46
180,1,28059,,1,0,01/15/2015,5:55
181,1,28059,,1,0,01/15/2015,12:13
182,1,28059,,1,0,01/15/2015,12:35
183,1,28059,,1,0,01/15/2015,17:08
184,1,28059,,1,0,01/16/2015,7:52
185,1,28059,,1,0,01/16/2015,12:00
186,1,28059,,1,0,01/16/2015,12:36
187,1,28059,,1,0,01/16/2015,17:07
188,1,28059,,1,0,01/17/2015,7:40
189,1,28059,,1,0,01/17/2015,12:04
190,1,28059,,1,0,01/17/2015,12:34
191,1,28059,,1,0,01/17/2015,19:01
192,1,28059,,1,0,01/18/2015,19:37
193,1,28059,,1,0,01/19/2015,7:49
194,1,28059,,1,0,01/19/2015,18:55
195,1,28059,,1,0,01/20/2015,7:38
196,1,28059,,1,0,01/21/2015,6:43
197,1,28059,,1,0,01/21/2015,12:00
198,1,28059,,1,0,01/21/2015,18:37
199,1,28059,,1,0,01/22/2015,8:09
200,1,28059,,1,0,01/22/2015,12:45
201,1,28059,,1,0,01/22/2015,17:30
202,1,28059,,1,0,01/23/2015,7:48
203,1,28059,,1,0,01/23/2015,12:01
204,1,28059,,1,0,01/23/2015,12:35
205,1,28059,,1,0,01/24/2015,7:31
206,1,28059,,1,0,01/24/2015,12:03
207,1,28059,,1,0,01/25/2015,18:37
208,1,28059,,1,0,01/26/2015,5:16
209,1,28059,,1,0,01/26/2015,18:52
210,1,28059,,1,0,01/27/2015,12:50
211,1,28059,,1,0,01/27/2015,18:52
212,1,28059,,1,0,01/28/2015,6:48
213,1,28059,,1,0,01/28/2015,12:10
214,1,28059,,1,0,01/28/2015,17:06
215,1,28059,,1,0,01/29/2015,7:49
216,1,28059,,1,0,01/29/2015,12:02
217,1,28059,,1,0,01/29/2015,12:39
218,1,28059,,1,0,01/29/2015,17:03
219,1,28059,,1,0,01/30/2015,8:02
220,1,28059,,1,0,01/30/2015,12:07
221,1,28059,,1,0,01/30/2015,12:46
222,1,28059,,1,0,01/31/2015,7:45
223,1,28059,,1,0,01/31/2015,12:50
224,1,28059,,1,0,02/02/2015,12:53
225,1,28059,,1,0,02/02/2015,17:07
226,1,28059,,1,0,02/03/2015,7:49
227,1,28059,,1,0,02/03/2015,17:12
228,1,28059,,1,0,02/03/2015,19:05
229,1,28059,,1,0,02/04/2015,12:04
230,1,28059,,1,0,02/04/2015,12:45
231,1,28059,,1,0,02/04/2015,17:00
232,1,28059,,1,0,02/05/2015,4:07
233,1,28059,,1,0,02/05/2015,18:19
234,1,28059,,1,0,02/06/2015,12:02
235,1,28059,,1,0,02/06/2015,13:00
236,1,28059,,1,0,02/07/2015,7:43
237,1,28059,,1,0,02/07/2015,13:00
238,1,28059,,1,0,02/07/2015,17:03
239,1,28059,,1,0,02/08/2015,13:20
240,1,28059,,1,0,02/08/2015,16:55
241,1,28059,,1,0,02/09/2015,7:26
242,1,28059,,1,0,02/09/2015,12:08
243,1,28059,,1,0,02/09/2015,12:58
244,1,28059,,1,0,02/09/2015,17:07
245,1,28059,,1,0,02/10/2015,7:53
246,1,28059,,1,0,02/10/2015,12:00
247,1,28059,,1,0,02/10/2015,12:53
248,1,28059,,1,0,02/10/2015,17:28
249,1,28059,,1,0,02/10/2015,19:08
250,1,28059,,1,0,02/11/2015,7:11
251,1,28059,,1,0,02/11/2015,12:13
252,1,28059,,1,0,02/11/2015,12:15
253,1,28059,,1,0,02/11/2015,17:02
254,1,28059,,1,0,02/12/2015,7:41
255,1,28059,,1,0,02/12/2015,12:15
256,1,28059,,1,0,02/12/2015,12:35
257,1,28059,,1,0,02/12/2015,17:00
258,1,28059,,1,0,02/13/2015,7:59
259,1,28059,,1,0,02/13/2015,12:05
260,1,28059,,1,0,02/13/2015,12:29
261,1,28059,,1,0,02/13/2015,17:00
262,1,28059,,1,0,02/14/2015,12:00
263,1,28059,,1,0,02/14/2015,12:39
264,1,28059,,1,0,02/14/2015,17:20
265,1,28059,,1,0,02/15/2015,8:05
266,1,28059,,1,0,02/16/2015,12:02
267,1,28059,,1,0,02/16/2015,12:46
268,1,28059,,1,0,02/16/2015,17:01
269,1,28059,,1,0,02/17/2015,7:44
270,1,28059,,1,0,02/17/2015,11:55
271,1,28059,,1,0,02/17/2015,12:53
272,1,28059,,1,0,02/17/2015,18:20
273,1,28059,,1,0,02/18/2015,12:06
274,1,28059,,1,0,02/18/2015,12:51
275,1,28059,,1,0,02/18/2015,17:58
276,1,28059,,1,0,02/18/2015,18:45
277,1,28059,,1,0,02/18/2015,21:02
278,1,28059,,1,0,02/19/2015,11:44
279,1,28059,,1,0,02/19/2015,17:30
280,1,28059,,1,0,02/20/2015,7:31
281,1,28059,,1,0,02/20/2015,17:34
282,1,28059,,1,0,02/22/2015,8:46
283,1,28059,,1,0,02/22/2015,12:54
284,1,28059,,1,0,02/22/2015,15:54
285,1,28059,,1,0,02/23/2015,6:46
286,1,28059,,1,0,02/23/2015,12:04
287,1,28059,,1,0,02/23/2015,12:46
288,1,28059,,1,0,02/23/2015,17:05
289,1,28059,,1,0,02/24/2015,13:18
290,1,28059,,1,0,02/24/2015,15:20
291,1,28059,,1,0,02/25/2015,8:14
292,1,28059,,1,0,02/25/2015,12:49
293,1,28059,,1,0,02/25/2015,17:10
294,1,28059,,1,0,02/26/2015,7:07
295,1,28059,,1,0,02/26/2015,12:53
296,1,28059,,1,0,02/26/2015,12:57
297,1,28059,,1,0,02/26/2015,18:46
298,1,28059,,1,0,02/27/2015,7:32
299,1,28059,,1,0,02/27/2015,17:18
300,1,28059,,1,0,02/27/2015,18:07
301,1,28059,,1,0,02/28/2015,7:51
302,1,28059,,1,0,02/28/2015,12:03
303,1,28059,,1,0,02/28/2015,13:09
304,1,28059,,1,0,02/28/2015,17:01
305,1,28059,,1,0,03/02/2015,7:00
306,1,28061,,1,0,05/29/2014,9:56
307,1,28061,,1,0,05/29/2014,9:56
308,1,28061,,1,0,05/29/2014,9:56
309,1,28061,,1,0,05/29/2014,9:56
310,1,28061,,1,0,10/28/2014,8:03
311,1,28061,,1,0,10/28/2014,18:14
312,1,28061,,1,0,10/29/2014,9:01
313,1,28061,,1,0,10/29/2014,20:53
314,1,28061,,1,0,10/30/2014,9:06
315,1,28061,,1,0,10/30/2014,19:12
316,1,28061,,1,0,10/31/2014,9:11
317,1,28061,,1,0,10/31/2014,20:09
318,1,28061,,1,0,11/01/2014,9:38
319,1,28061,,1,0,11/01/2014,17:06
320,1,28061,,1,0,11/03/2014,8:33
321,1,28061,,1,0,11/03/2014,21:11
322,1,28061,,1,0,11/04/2014,8:05
323,1,28061,,1,0,11/04/2014,19:22
324,1,28061,,1,0,11/05/2014,7:51
325,1,28061,,1,0,11/05/2014,21:53
326,1,28061,,1,0,11/06/2014,7:51
327,1,28061,,1,0,11/06/2014,20:40
328,1,28061,,1,0,11/07/2014,9:34
329,1,28061,,1,0,11/07/2014,20:09
330,1,28061,,1,0,11/08/2014,7:54
331,1,28061,,1,0,11/08/2014,21:06
332,1,28061,,1,0,11/10/2014,7:56
333,1,28061,,1,0,11/10/2014,19:48
334,1,28061,,1,0,11/11/2014,8:15
335,1,28061,,1,0,11/11/2014,19:39
336,1,28061,,1,0,11/12/2014,7:53
337,1,28061,,1,0,11/12/2014,20:43
338,1,28061,,1,0,11/13/2014,8:05
339,1,28061,,1,0,11/13/2014,20:35
340,1,28061,,1,0,11/14/2014,20:04
341,1,28061,,1,0,11/15/2014,8:08
342,1,28061,,1,0,11/15/2014,21:28
343,1,28061,,1,0,11/17/2014,8:34
344,1,28061,,1,0,11/17/2014,20:22
345,1,28061,,1,0,11/18/2014,8:27
346,1,28061,,1,0,11/18/2014,19:28
347,1,28061,,1,0,11/19/2014,8:21
348,1,28061,,1,0,11/19/2014,20:24
349,1,28061,,1,0,11/20/2014,8:03
350,1,28061,,1,0,11/20/2014,21:43
351,1,28061,,1,0,11/21/2014,7:59
352,1,28061,,1,0,11/21/2014,21:19
353,1,28061,,1,0,11/22/2014,8:18
354,1,28061,,1,0,11/22/2014,21:56
355,1,28061,,1,0,11/24/2014,8:30
356,1,28061,,1,0,11/24/2014,21:29
357,1,28061,,1,0,11/25/2014,8:23
358,1,28061,,1,0,11/25/2014,19:15
359,1,28061,,1,0,11/26/2014,8:18
360,1,28061,,1,0,11/26/2014,20:40
361,1,28061,,1,0,11/27/2014,7:56
362,1,28061,,1,0,11/27/2014,19:47
363,1,28061,,1,0,11/28/2014,8:14
364,1,28061,,1,0,11/28/2014,20:16
365,1,28061,,1,0,11/29/2014,8:25
366,1,28061,,1,0,11/29/2014,20:08
367,1,28061,,1,0,12/01/2014,7:51
368,1,28061,,1,0,12/01/2014,21:22
369,1,28061,,1,0,12/02/2014,7:52
370,1,28061,,1,0,12/02/2014,19:00
371,1,28061,,1,0,12/03/2014,8:13
372,1,28061,,1,0,12/03/2014,18:46
373,1,28061,,1,0,12/04/2014,8:18
374,1,28061,,1,0,12/04/2014,19:58
375,1,28061,,1,0,12/05/2014,8:29
376,1,28061,,1,0,12/05/2014,20:27
377,1,28061,,1,0,12/06/2014,8:52
378,1,28061,,1,0,12/06/2014,13:24
379,1,28061,,1,0,12/08/2014,8:34
380,1,28061,,1,0,12/08/2014,20:39
381,1,28061,,1,0,12/09/2014,9:07
382,1,28061,,1,0,12/09/2014,19:58
383,1,28061,,1,0,12/10/2014,9:28
384,1,28061,,1,0,12/10/2014,20:21
385,1,28061,,1,0,12/11/2014,9:32
386,1,28061,,1,0,12/11/2014,20:08
387,1,28061,,1,0,12/12/2014,9:26
388,1,28061,,1,0,12/12/2014,20:15
389,1,28061,,1,0,12/13/2014,9:16
390,1,28061,,1,0,12/13/2014,20:19
391,1,28061,,1,0,12/15/2014,9:16
392,1,28061,,1,0,12/15/2014,22:43
393,1,28061,,1,0,12/16/2014,8:49
394,1,28061,,1,0,12/16/2014,23:02
395,1,28061,,1,0,12/17/2014,8:58
396,1,28061,,1,0,12/17/2014,22:04
397,1,28061,,1,0,12/18/2014,8:14
398,1,28061,,1,0,12/18/2014,22:02
399,1,28061,,1,0,12/19/2014,7:27
400,1,28061,,1,0,12/19/2014,21:59
401,1,28061,,1,0,12/20/2014,7:37
402,1,28061,,1,0,12/20/2014,18:11
403,1,28061,,1,0,12/22/2014,7:49
404,1,28061,,1,0,12/22/2014,21:01
405,1,28061,,1,0,12/23/2014,7:43
406,1,28061,,1,0,12/23/2014,22:05
407,1,28061,,1,0,12/24/2014,7:02
408,1,28061,,1,0,12/24/2014,15:16
409,1,28061,,1,0,12/25/2014,7:36
410,1,28061,,1,0,12/25/2014,12:58
411,1,28061,,1,0,01/03/2015,8:27
412,1,28061,,1,0,01/03/2015,22:17
413,1,28061,,1,0,01/05/2015,8:27
414,1,28061,,1,0,01/05/2015,22:31
415,1,28061,,1,0,01/06/2015,9:01
416,1,28061,,1,0,01/06/2015,20:49
417,1,28061,,1,0,01/07/2015,9:02
418,1,28061,,1,0,01/07/2015,19:57
419,1,28061,,1,0,01/08/2015,7:37
420,1,28061,,1,0,01/08/2015,21:48
421,1,28061,,1,0,01/09/2015,8:47
422,1,28061,,1,0,01/09/2015,21:43
423,1,28061,,1,0,01/10/2015,8:03
424,1,28061,,1,0,01/10/2015,19:59
425,1,28061,,1,0,01/12/2015,8:59
426,1,28061,,1,0,01/12/2015,22:37
427,1,28061,,1,0,01/13/2015,8:24
428,1,28061,,1,0,01/13/2015,18:50
429,1,28061,,1,0,01/14/2015,8:39
430,1,28061,,1,0,01/14/2015,19:17
431,1,28061,,1,0,01/15/2015,8:41
432,1,28061,,1,0,01/15/2015,20:28
433,1,28061,,1,0,01/16/2015,8:40
434,1,28061,,1,0,01/16/2015,19:54
435,1,28061,,1,0,01/17/2015,9:08
436,1,28061,,1,0,01/17/2015,20:12
437,1,28061,,1,0,01/19/2015,8:16
438,1,28061,,1,0,01/19/2015,19:42
439,1,28061,,1,0,01/20/2015,8:46
440,1,28061,,1,0,01/20/2015,19:33
441,1,28061,,1,0,01/21/2015,9:00
442,1,28061,,1,0,01/21/2015,20:36
443,1,28061,,1,0,01/22/2015,9:01
444,1,28061,,1,0,01/22/2015,21:02
445,1,28061,,1,0,01/23/2015,8:53
446,1,28061,,1,0,01/23/2015,19:53
447,1,28061,,1,0,01/24/2015,9:01
448,1,28061,,1,0,01/24/2015,21:26
449,1,28061,,1,0,01/27/2015,7:56
450,1,28061,,1,0,01/28/2015,7:03
451,1,28061,,1,0,01/28/2015,22:20
452,1,28061,,1,0,01/29/2015,8:04
453,1,28061,,1,0,01/29/2015,21:08
454,1,28061,,1,0,01/31/2015,9:05
455,1,28061,,1,0,01/31/2015,20:04
456,1,28061,,1,0,02/23/2015,8:50
457,1,28061,,1,0,02/23/2015,20:52
458,1,28061,,1,0,02/24/2015,9:19
459,1,28061,,1,0,02/24/2015,20:44
460,1,28061,,1,0,02/25/2015,8:59
461,1,28061,,1,0,02/25/2015,20:31
462,1,28061,,1,0,02/26/2015,8:57
463,1,28061,,1,0,02/26/2015,20:04
464,1,28061,,1,0,02/27/2015,8:21
465,1,28061,,1,0,02/27/2015,21:31
466,1,28061,,1,0,02/28/2015,8:44
467,1,28061,,1,0,02/28/2015,22:18
468,1,28061,,1,0,03/02/2015,8:16
469,1,28068,,1,0,11/05/2014,9:11
470,1,28068,,1,0,11/05/2014,9:42
471,1,28068,,1,0,11/06/2014,11:03
472,1,28068,,1,0,11/06/2014,12:48
473,1,28068,,1,0,11/07/2014,9:31
474,1,28068,,1,0,11/07/2014,9:55
475,1,28068,,1,0,11/08/2014,9:00
476,1,28068,,1,0,11/09/2014,13:24
477,1,28068,,1,0,11/09/2014,13:28
478,1,28068,,1,0,11/10/2014,10:32
479,1,28068,,1,0,11/10/2014,11:45
480,1,28068,,1,0,11/12/2014,7:22
481,1,28068,,1,0,11/12/2014,7:40
482,1,28068,,1,0,11/13/2014,10:22
483,1,28068,,1,0,11/13/2014,11:16
484,1,28068,,1,0,11/15/2014,9:45
485,1,28068,,1,0,11/16/2014,9:18
486,1,28068,,1,0,11/17/2014,8:41
487,1,28068,,1,0,11/17/2014,10:44
488,1,28068,,1,0,11/18/2014,8:57
489,1,28068,,1,0,11/19/2014,7:09
490,1,28068,,1,0,11/19/2014,7:34
491,1,28068,,1,0,11/20/2014,7:39
492,1,28068,,1,0,11/22/2014,12:07
493,1,28068,,1,0,11/23/2014,9:39
494,1,28068,,1,0,11/23/2014,9:39
495,1,28068,,1,0,11/24/2014,7:57
496,1,28068,,1,0,11/24/2014,8:27
497,1,28068,,1,0,11/26/2014,10:22
498,1,28068,,1,0,11/26/2014,10:23
499,1,28068,,1,0,11/27/2014,12:33
500,1,28068,,1,0,11/28/2014,8:48
501,1,28068,,1,0,11/28/2014,13:31
502,1,28068,,1,0,12/03/2014,9:33
503,1,28068,,1,0,12/05/2014,9:01
504,1,28068,,1,0,12/06/2014,10:45
505,1,28068,,1,0,12/06/2014,10:45
506,1,28068,,1,0,12/08/2014,12:08
507,1,28068,,1,0,12/08/2014,12:08
508,1,28068,,1,0,12/10/2014,8:57
509,1,28068,,1,0,12/10/2014,8:57
510,1,28068,,1,0,12/11/2014,9:35
511,1,28068,,1,0,12/11/2014,9:37
512,1,28068,,1,0,12/12/2014,7:38
513,1,28068,,1,0,12/12/2014,7:38
514,1,28068,,1,0,12/16/2014,9:26
515,1,28068,,1,0,12/16/2014,9:27
516,1,28068,,1,0,12/17/2014,8:26
517,1,28068,,1,0,12/17/2014,8:27
518,1,28068,,1,0,12/18/2014,9:03
519,1,28068,,1,0,12/18/2014,10:39
520,1,28068,,1,0,12/19/2014,11:07
521,1,28068,,1,0,12/19/2014,11:07
522,1,28068,,1,0,12/20/2014,9:42
523,1,28068,,1,0,12/20/2014,9:42
524,1,28068,,1,0,12/23/2014,7:20
525,1,28068,,1,0,12/23/2014,7:20
526,1,28068,,1,0,12/24/2014,9:00
527,1,28068,,1,0,12/24/2014,9:00
528,1,28068,,1,0,12/27/2014,9:26
529,1,28068,,1,0,12/27/2014,9:26
530,1,28068,,1,0,02/26/2015,11:11
531,1,28080,,1,0,05/29/2014,9:53
532,1,28080,,1,0,05/29/2014,9:56
533,1,28080,,1,0,10/28/2014,8:03
534,1,28080,,1,0,10/28/2014,18:15
535,1,28080,,1,0,10/29/2014,9:01
536,1,28080,,1,0,10/29/2014,20:53
537,1,28080,,1,0,10/30/2014,9:09
538,1,28080,,1,0,10/30/2014,19:12
539,1,28080,,1,0,10/31/2014,9:11
540,1,28080,,1,0,11/01/2014,9:38
541,1,28080,,1,0,11/01/2014,17:24
542,1,28080,,1,0,11/03/2014,8:33
543,1,28080,,1,0,11/04/2014,8:05
544,1,28080,,1,0,11/04/2014,19:22
545,1,28080,,1,0,11/05/2014,7:51
546,1,28080,,1,0,11/05/2014,20:43
547,1,28080,,1,0,11/06/2014,8:16
548,1,28080,,1,0,11/06/2014,20:40
549,1,28080,,1,0,11/07/2014,8:12
550,1,28080,,1,0,11/07/2014,20:08
551,1,28080,,1,0,11/08/2014,7:53
552,1,28080,,1,0,11/08/2014,21:13
553,1,28080,,1,0,11/10/2014,7:52
554,1,28080,,1,0,11/10/2014,19:50
555,1,28080,,1,0,11/11/2014,8:14
556,1,28080,,1,0,11/11/2014,20:26
557,1,28080,,1,0,11/12/2014,8:28
558,1,28080,,1,0,11/12/2014,20:43
559,1,28080,,1,0,11/13/2014,8:05
560,1,28080,,1,0,11/13/2014,20:37
561,1,28080,,1,0,11/14/2014,8:14
562,1,28080,,1,0,11/14/2014,20:03
563,1,28080,,1,0,11/15/2014,8:08
564,1,28080,,1,0,11/15/2014,21:06
565,1,28080,,1,0,11/17/2014,8:26
566,1,28080,,1,0,11/17/2014,20:22
567,1,28080,,1,0,11/18/2014,8:26
568,1,28080,,1,0,11/18/2014,19:29
569,1,28080,,1,0,11/19/2014,8:20
570,1,28080,,1,0,11/19/2014,20:25
571,1,28080,,1,0,11/20/2014,8:02
572,1,28080,,1,0,11/20/2014,21:31
573,1,28080,,1,0,11/21/2014,8:17
574,1,28080,,1,0,11/21/2014,21:17
575,1,28080,,1,0,11/22/2014,8:33
576,1,28080,,1,0,11/22/2014,21:56
577,1,28080,,1,0,11/24/2014,8:10
578,1,28080,,1,0,11/24/2014,21:57
579,1,28080,,1,0,11/25/2014,7:45
580,1,28080,,1,0,11/25/2014,19:15
581,1,28080,,1,0,11/26/2014,8:17
582,1,28080,,1,0,11/26/2014,20:40
583,1,28080,,1,0,11/27/2014,7:54
584,1,28080,,1,0,11/27/2014,19:47
585,1,28080,,1,0,11/28/2014,8:13
586,1,28080,,1,0,11/28/2014,20:16
587,1,28080,,1,0,11/29/2014,8:24
588,1,28080,,1,0,11/29/2014,20:08
589,1,28080,,1,0,12/01/2014,8:31
590,1,28080,,1,0,12/01/2014,21:22
591,1,28080,,1,0,12/02/2014,7:52
592,1,28080,,1,0,12/02/2014,18:53
593,1,28080,,1,0,12/03/2014,8:12
594,1,28080,,1,0,12/03/2014,18:46
595,1,28080,,1,0,12/04/2014,8:17
596,1,28080,,1,0,12/04/2014,19:58
597,1,28080,,1,0,12/05/2014,8:29
598,1,28080,,1,0,12/05/2014,20:27
599,1,28080,,1,0,12/06/2014,9:03
600,1,28080,,1,0,12/06/2014,13:24
601,1,28080,,1,0,12/08/2014,8:57
602,1,28080,,1,0,12/08/2014,20:39
603,1,28080,,1,0,12/09/2014,9:07
604,1,28080,,1,0,12/09/2014,20:01
605,1,28080,,1,0,12/10/2014,9:28
606,1,28080,,1,0,12/10/2014,20:26
607,1,28080,,1,0,12/11/2014,9:32
608,1,28080,,1,0,12/11/2014,20:08
609,1,28080,,1,0,12/12/2014,9:26
610,1,28080,,1,0,12/12/2014,20:16
611,1,28080,,1,0,12/13/2014,9:16
612,1,28080,,1,0,12/13/2014,20:19
613,1,28711,,1,0,11/03/2014,14:21
614,1,28711,,1,0,11/03/2014,14:21
615,1,28711,,1,0,11/03/2014,15:10
616,1,28711,,1,0,11/05/2014,11:54
617,1,28711,,1,0,11/05/2014,12:30
618,1,28711,,1,0,11/06/2014,11:03
619,1,28711,,1,0,11/06/2014,11:05
620,1,28711,,1,0,11/07/2014,16:21
621,1,28711,,1,0,11/07/2014,16:29
622,1,28711,,1,0,11/08/2014,15:35
623,1,28711,,1,0,11/09/2014,15:14
624,1,28711,,1,0,11/10/2014,16:01
625,1,28711,,1,0,11/12/2014,11:12
626,1,28711,,1,0,11/12/2014,11:50
627,1,28711,,1,0,11/13/2014,14:27
628,1,28711,,1,0,11/13/2014,15:05
629,1,28711,,1,0,11/15/2014,11:44
630,1,28711,,1,0,11/16/2014,12:41
631,1,28711,,1,0,11/17/2014,16:52
632,1,28711,,1,0,11/18/2014,16:26
633,1,28711,,1,0,11/18/2014,16:46
634,1,28711,,1,0,11/19/2014,10:52
635,1,28711,,1,0,11/19/2014,11:42
636,1,28711,,1,0,11/20/2014,12:25
637,1,28711,,1,0,11/22/2014,11:33
638,1,28711,,1,0,11/22/2014,12:10
639,1,28711,,1,0,11/23/2014,10:03
640,1,28711,,1,0,11/23/2014,10:14
641,1,28711,,1,0,11/24/2014,13:31
642,1,28711,,1,0,11/26/2014,15:02
643,1,28711,,1,0,11/27/2014,19:13
644,1,28711,,1,0,11/28/2014,14:19
645,1,28711,,1,0,12/03/2014,15:34
646,1,28711,,1,0,12/03/2014,16:12
647,1,28711,,1,0,12/05/2014,12:55
648,1,28711,,1,0,12/06/2014,9:55
649,1,28711,,1,0,12/06/2014,10:16
650,1,28711,,1,0,12/07/2014,14:46
651,1,28711,,1,0,12/07/2014,15:08
652,1,28711,,1,0,12/07/2014,15:08
653,1,28711,,1,0,12/09/2014,15:42
654,1,28711,,1,0,12/09/2014,16:10
655,1,28711,,1,0,12/10/2014,13:30
656,1,28711,,1,0,12/10/2014,14:07
657,1,28711,,1,0,12/11/2014,15:01
658,1,28711,,1,0,12/12/2014,13:57
659,1,28711,,1,0,12/12/2014,14:06
660,1,28711,,1,0,12/13/2014,13:43
661,1,28711,,1,0,12/15/2014,15:21
662,1,28711,,1,0,12/16/2014,13:53
663,1,28711,,1,0,12/17/2014,13:54
664,1,28711,,1,0,12/17/2014,14:35
665,1,28711,,1,0,12/18/2014,16:18
666,1,28711,,1,0,12/19/2014,13:18
667,1,28711,,1,0,12/22/2014,10:42
668,1,28711,,1,0,12/22/2014,11:18
669,1,28711,,1,0,12/23/2014,11:12
670,1,28711,,1,0,12/24/2014,12:04
671,1,28711,,1,0,12/24/2014,12:35
672,1,28711,,1,0,12/26/2014,14:12
673,1,28711,,1,0,12/28/2014,13:44
674,1,28711,,1,0,12/28/2014,14:30
675,1,28711,,1,0,01/03/2015,14:28
676,1,28711,,1,0,01/05/2015,13:59
677,1,28711,,1,0,01/05/2015,14:09
678,1,28711,,1,0,01/06/2015,11:20
679,1,28711,,1,0,01/06/2015,11:40
680,1,28711,,1,0,01/07/2015,14:42
681,1,28711,,1,0,01/08/2015,15:21
682,1,28711,,1,0,01/08/2015,15:47
683,1,28711,,1,0,01/09/2015,14:07
684,1,28711,,1,0,01/09/2015,14:34
685,1,28711,,1,0,01/10/2015,14:42
686,1,28711,,1,0,01/12/2015,15:12
687,1,28711,,1,0,01/13/2015,15:05
688,1,28711,,1,0,01/15/2015,13:27
689,1,28711,,1,0,01/15/2015,13:56
690,1,28711,,1,0,01/16/2015,15:17
691,1,28711,,1,0,01/18/2015,17:44
692,1,28711,,1,0,01/19/2015,14:18
693,1,28711,,1,0,01/20/2015,12:40
694,1,28711,,1,0,01/20/2015,14:24
695,1,28711,,1,0,01/22/2015,14:56
696,1,28711,,1,0,01/23/2015,13:41
697,1,28711,,1,0,01/23/2015,15:05
698,1,28711,,1,0,01/24/2015,13:44
699,1,28711,,1,0,01/24/2015,14:23
700,1,28711,,1,0,01/26/2015,3:38
701,1,28711,,1,0,02/03/2015,16:03
702,1,28711,,1,0,02/05/2015,17:48
703,1,28711,,1,0,02/07/2015,17:30
704,1,28711,,1,0,02/08/2015,16:15
705,1,28711,,1,0,02/08/2015,16:48
706,1,28711,,1,0,02/09/2015,17:28
707,1,28711,,1,0,02/10/2015,15:49
708,1,28711,,1,0,02/12/2015,12:24
709,1,28711,,1,0,02/13/2015,14:25
710,1,28711,,1,0,02/13/2015,14:59
711,1,28711,,1,0,02/15/2015,13:47
712,1,28711,,1,0,02/15/2015,14:13
713,1,28711,,1,0,02/16/2015,12:23
714,1,28711,,1,0,02/16/2015,13:42
715,1,28711,,1,0,02/17/2015,16:21
716,1,28711,,1,0,02/17/2015,18:23
717,1,28711,,1,0,02/18/2015,16:21
718,1,28711,,1,0,02/18/2015,17:16
719,1,28711,,1,0,02/20/2015,14:19
720,1,28711,,1,0,02/22/2015,11:46
721,1,28711,,1,0,02/22/2015,12:22
722,1,28711,,1,0,02/23/2015,12:16
723,1,28711,,1,0,02/24/2015,13:18
724,1,28711,,1,0,02/24/2015,13:46
725,1,28711,,1,0,02/26/2015,14:54
726,1,28711,,1,0,02/26/2015,15:24
727,1,28711,,1,0,02/27/2015,16:44
728,1,28711,,1,0,02/28/2015,14:35
729,1,28712,,1,0,11/07/2014,16:00
730,1,28712,,1,0,11/08/2014,15:34
731,1,28712,,1,0,11/08/2014,17:07
732,1,28712,,1,0,11/09/2014,17:40
733,1,28712,,1,0,11/09/2014,18:03
734,1,28712,,1,0,11/10/2014,15:23
735,1,28712,,1,0,11/10/2014,15:27
736,1,28712,,1,0,11/12/2014,14:54
737,1,28712,,1,0,11/12/2014,15:14
738,1,28712,,1,0,11/15/2014,13:58
739,1,28712,,1,0,11/15/2014,14:03
740,1,28712,,1,0,11/16/2014,14:50
741,1,28712,,1,0,11/16/2014,14:59
742,1,28712,,1,0,11/17/2014,12:37
743,1,28712,,1,0,11/18/2014,15:44
744,1,28712,,1,0,11/18/2014,15:49
745,1,28712,,1,0,11/19/2014,15:23
746,1,28712,,1,0,11/19/2014,15:23
747,1,28712,,1,0,11/20/2014,15:30
748,1,28712,,1,0,11/20/2014,15:31
749,1,28712,,1,0,11/22/2014,15:59
750,1,28712,,1,0,11/22/2014,16:08
751,1,28712,,1,0,11/23/2014,15:50
752,1,28712,,1,0,11/23/2014,16:02
753,1,28712,,1,0,11/24/2014,11:37
754,1,28712,,1,0,11/24/2014,12:35
755,1,28712,,1,0,11/26/2014,13:38
756,1,28712,,1,0,11/26/2014,13:38
757,1,28712,,1,0,11/28/2014,13:19
758,1,28712,,1,0,12/03/2014,14:41
759,1,28712,,1,0,12/10/2014,14:51
760,1,28712,,1,0,12/10/2014,14:51
761,1,28712,,1,0,12/11/2014,14:56
762,1,28712,,1,0,12/11/2014,15:06
763,1,28712,,1,0,12/12/2014,13:07
764,1,28712,,1,0,12/12/2014,13:21
765,1,28712,,1,0,12/13/2014,14:58
766,1,28712,,1,0,12/13/2014,14:58
767,1,28712,,1,0,02/26/2015,17:39
768,1,28712,,1,0,02/26/2015,18:18
769,1,28712,,1,0,02/27/2015,13:48
770,1,28715,,1,0,11/03/2014,13:56
771,1,28715,,1,0,11/03/2014,14:07
772,1,28715,,1,0,11/05/2014,7:27
773,1,28715,,1,0,11/05/2014,7:31
774,1,28715,,1,0,11/06/2014,6:59
775,1,28715,,1,0,11/06/2014,7:08
776,1,28715,,1,0,11/07/2014,7:04
777,1,28715,,1,0,11/07/2014,7:24
778,1,28715,,1,0,11/09/2014,5:38
779,1,28715,,1,0,11/09/2014,8:15
780,1,28715,,1,0,11/12/2014,5:04
781,1,28715,,1,0,11/12/2014,7:41
782,1,28715,,1,0,11/13/2014,7:41
783,1,28715,,1,0,11/15/2014,7:38
784,1,28715,,1,0,11/15/2014,8:04
785,1,28715,,1,0,11/16/2014,9:13
786,1,28715,,1,0,11/17/2014,16:04
787,1,28715,,1,0,11/17/2014,16:38
788,1,28715,,1,0,11/19/2014,7:34
789,1,28717,,1,0,05/29/2014,9:48
790,1,28717,,1,0,05/29/2014,9:48
791,1,28717,,1,0,05/29/2014,9:48
792,1,28717,,1,0,11/03/2014,16:08
793,1,28717,,1,0,11/03/2014,16:08
794,1,28717,,1,0,11/03/2014,16:08
795,1,28717,,1,0,11/05/2014,13:35
796,1,28717,,1,0,11/05/2014,16:13
797,1,28717,,1,0,11/06/2014,14:24
798,1,28717,,1,0,11/06/2014,14:24
799,1,28717,,1,0,11/06/2014,16:25
800,1,28717,,1,0,11/07/2014,13:21
801,1,28717,,1,0,11/07/2014,16:21
802,1,28717,,1,0,11/08/2014,13:20
803,1,28717,,1,0,11/08/2014,16:25
804,1,28717,,1,0,11/09/2014,6:14
805,1,28717,,1,0,11/09/2014,15:14
806,1,28717,,1,0,11/09/2014,16:17
807,1,28717,,1,0,11/10/2014,13:41
808,1,28717,,1,0,11/10/2014,13:41
809,1,28717,,1,0,11/10/2014,16:21
810,1,28717,,1,0,11/12/2014,12:52
811,1,28717,,1,0,11/12/2014,16:27
812,1,28717,,1,0,11/13/2014,13:46
813,1,28717,,1,0,11/13/2014,16:26
814,1,28717,,1,0,11/15/2014,13:05
815,1,28717,,1,0,11/15/2014,13:06
816,1,28717,,1,0,11/27/2014,12:22
817,1,28717,,1,0,11/28/2014,12:52
818,1,28717,,1,0,12/03/2014,14:22
819,1,28717,,1,0,12/03/2014,16:09
820,1,28717,,1,0,12/11/2014,14:07
821,1,28717,,1,0,12/23/2014,15:01
822,1,28717,,1,0,01/07/2015,14:27
823,1,28718,,1,0,11/03/2014,13:37
824,1,28719,,1,0,05/29/2014,9:46
825,1,28720,,1,0,11/03/2014,14:19
826,1,28720,,1,0,11/05/2014,13:36
827,1,28720,,1,0,11/08/2014,13:27
828,1,28720,,1,0,11/08/2014,13:44
829,1,28720,,1,0,11/09/2014,5:38
830,1,28720,,1,0,11/09/2014,5:38
831,1,28720,,1,0,11/09/2014,17:35
832,1,28720,,1,0,11/09/2014,17:35
833,1,28720,,1,0,11/10/2014,12:36
834,1,28720,,1,0,11/10/2014,12:36
835,1,28720,,1,0,11/12/2014,11:16
836,1,28720,,1,0,11/12/2014,11:16
837,1,28720,,1,0,11/12/2014,11:16
838,1,28720,,1,0,11/13/2014,11:21
839,1,28720,,1,0,11/13/2014,11:21
840,1,28720,,1,0,11/16/2014,10:34
841,1,28720,,1,0,11/16/2014,10:34
842,1,28720,,1,0,11/17/2014,11:21
843,1,28720,,1,0,11/17/2014,11:21
844,1,28720,,1,0,11/19/2014,14:36
845,1,28720,,1,0,11/19/2014,14:36
846,1,28720,,1,0,11/20/2014,14:15
847,1,28720,,1,0,11/20/2014,14:15
848,1,28720,,1,0,11/22/2014,11:39
849,1,28720,,1,0,11/22/2014,11:39
850,1,28720,,1,0,11/22/2014,11:39
851,1,28720,,1,0,11/24/2014,15:26
852,1,28720,,1,0,11/24/2014,15:26
853,1,28720,,1,0,11/24/2014,15:26
854,1,28720,,1,0,11/24/2014,15:26
855,1,28720,,1,0,11/26/2014,12:00
856,1,28720,,1,0,11/27/2014,13:26
857,1,28720,,1,0,11/27/2014,13:26
858,1,28720,,1,0,11/27/2014,13:26
859,1,28720,,1,0,11/28/2014,9:30
860,1,28720,,1,0,11/28/2014,9:30
861,1,28720,,1,0,11/28/2014,9:30
862,1,28720,,1,0,12/03/2014,13:08
863,1,28720,,1,0,12/03/2014,13:08
864,1,28720,,1,0,12/03/2014,13:08
865,1,28720,,1,0,12/05/2014,12:52
866,1,28720,,1,0,12/05/2014,12:52
867,1,28720,,1,0,12/05/2014,12:52
868,1,28720,,1,0,12/05/2014,12:52
869,1,28720,,1,0,12/06/2014,12:36
870,1,28720,,1,0,12/06/2014,12:36
871,1,28720,,1,0,12/06/2014,12:36
872,1,28720,,1,0,12/07/2014,14:03
873,1,28720,,1,0,12/07/2014,14:03
874,1,28720,,1,0,12/07/2014,14:04
875,1,28720,,1,0,12/08/2014,14:48
876,1,28720,,1,0,12/08/2014,14:48
877,1,28720,,1,0,12/10/2014,14:10
878,1,28720,,1,0,12/10/2014,14:10
879,1,28720,,1,0,12/11/2014,13:28
880,1,28720,,1,0,12/11/2014,13:28
881,1,28720,,1,0,12/11/2014,13:28
882,1,28720,,1,0,12/12/2014,12:37
883,1,28720,,1,0,12/12/2014,12:37
884,1,28720,,1,0,12/12/2014,12:37
885,1,28720,,1,0,12/13/2014,8:53
886,1,28720,,1,0,12/13/2014,8:53
887,1,28720,,1,0,12/13/2014,8:53
888,1,28720,,1,0,12/15/2014,14:28
889,1,28720,,1,0,12/15/2014,14:28
890,1,28720,,1,0,12/15/2014,14:28
891,1,28720,,1,0,12/16/2014,14:30
892,1,28720,,1,0,12/16/2014,14:30
893,1,28720,,1,0,12/17/2014,10:39
894,1,28720,,1,0,12/17/2014,10:39
895,1,28720,,1,0,12/17/2014,10:39
896,1,28720,,1,0,12/18/2014,11:22
897,1,28720,,1,0,12/18/2014,11:22
898,1,28720,,1,0,12/22/2014,10:38
899,1,28720,,1,0,12/22/2014,10:38
900,1,28720,,1,0,12/23/2014,10:25
901,1,28720,,1,0,12/23/2014,10:25
902,1,28720,,1,0,12/24/2014,15:23
903,1,28720,,1,0,12/24/2014,15:23
904,1,28720,,1,0,12/26/2014,12:34
905,1,28720,,1,0,12/26/2014,12:34
906,1,28720,,1,0,12/27/2014,14:51
907,1,28720,,1,0,12/27/2014,14:51
908,1,28720,,1,0,12/27/2014,14:51
909,1,28720,,1,0,12/28/2014,8:40
910,1,28720,,1,0,12/28/2014,8:40
911,1,28720,,1,0,01/03/2015,12:50
912,1,28720,,1,0,01/03/2015,12:50
913,1,28720,,1,0,01/06/2015,15:13
914,1,28720,,1,0,01/06/2015,15:13
915,1,28720,,1,0,01/07/2015,15:07
916,1,28720,,1,0,01/07/2015,15:07
917,1,28720,,1,0,01/08/2015,15:10
918,1,28720,,1,0,01/08/2015,15:10
919,1,28720,,1,0,01/09/2015,12:31
920,1,28720,,1,0,01/09/2015,12:31
921,1,28720,,1,0,01/10/2015,13:20
922,1,28720,,1,0,01/10/2015,13:20
923,1,28720,,1,0,01/12/2015,13:08
924,1,28720,,1,0,01/12/2015,13:09
925,1,28720,,1,0,01/13/2015,11:26
926,1,28720,,1,0,01/13/2015,11:26
927,1,28720,,1,0,01/15/2015,14:06
928,1,28720,,1,0,01/15/2015,14:06
929,1,28720,,1,0,01/16/2015,12:06
930,1,28720,,1,0,01/16/2015,12:06
931,1,28720,,1,0,01/17/2015,11:21
932,1,28720,,1,0,01/17/2015,11:21
933,1,28720,,1,0,01/18/2015,7:16
934,1,28720,,1,0,01/18/2015,7:16
935,1,28720,,1,0,01/19/2015,14:59
936,1,28720,,1,0,01/19/2015,14:59
937,1,28720,,1,0,01/20/2015,13:25
938,1,28720,,1,0,01/20/2015,13:25
939,1,28720,,1,0,01/23/2015,12:16
940,1,28720,,1,0,01/23/2015,12:16
941,1,28720,,1,0,01/26/2015,2:16
942,1,28720,,1,0,01/27/2015,12:48
943,1,28720,,1,0,01/27/2015,12:48
944,1,28720,,1,0,01/28/2015,8:06
945,1,28720,,1,0,01/28/2015,8:06
946,1,28720,,1,0,02/03/2015,12:49
947,1,28720,,1,0,02/03/2015,12:49
948,1,28720,,1,0,02/05/2015,13:51
949,1,28720,,1,0,02/05/2015,13:51
950,1,28720,,1,0,02/06/2015,14:12
951,1,28720,,1,0,02/06/2015,14:12
952,1,28720,,1,0,02/07/2015,14:41
953,1,28720,,1,0,02/07/2015,14:41
954,1,28720,,1,0,02/08/2015,14:27
955,1,28720,,1,0,02/08/2015,14:27
956,1,28720,,1,0,02/09/2015,14:29
957,1,28720,,1,0,02/09/2015,14:29
958,1,28720,,1,0,02/10/2015,13:00
959,1,28720,,1,0,02/10/2015,13:00
960,1,28720,,1,0,02/12/2015,12:46
961,1,28720,,1,0,02/12/2015,12:46
962,1,28720,,1,0,02/13/2015,12:00
963,1,28720,,1,0,02/13/2015,12:00
964,1,28720,,1,0,02/15/2015,12:55
965,1,28720,,1,0,02/15/2015,12:55
966,1,28720,,1,0,02/15/2015,12:55
967,1,28720,,1,0,02/16/2015,11:47
968,1,28720,,1,0,02/16/2015,12:33
969,1,28720,,1,0,02/17/2015,14:26
970,1,28720,,1,0,02/17/2015,15:01
971,1,28720,,1,0,02/19/2015,14:17
972,1,28720,,1,0,02/20/2015,13:49
973,1,28720,,1,0,02/22/2015,11:51
974,1,28720,,1,0,02/22/2015,12:22
975,1,28720,,1,0,02/23/2015,11:38
976,1,28720,,1,0,02/23/2015,12:14
977,1,28720,,1,0,02/24/2015,14:23
978,1,28720,,1,0,02/26/2015,12:59
979,1,28720,,1,0,02/26/2015,13:14
980,1,28720,,1,0,02/27/2015,12:14
981,1,28720,,1,0,02/27/2015,13:31
982,1,28720,,1,0,02/28/2015,9:46
983,1,28720,,1,0,02/28/2015,10:26
984,1,28723,,1,0,11/03/2014,16:07
985,1,28723,,1,0,11/03/2014,16:08
986,1,28723,,1,0,11/05/2014,13:27
987,1,28723,,1,0,11/05/2014,14:41
988,1,28723,,1,0,11/06/2014,15:01
989,1,28723,,1,0,11/06/2014,15:01
990,1,28723,,1,0,11/07/2014,13:07
991,1,28723,,1,0,11/08/2014,11:05
992,1,28723,,1,0,11/08/2014,11:37
993,1,28723,,1,0,11/15/2014,15:15
994,1,28723,,1,0,11/15/2014,15:17
995,1,28723,,1,0,12/15/2014,12:36
996,1,28723,,1,0,12/15/2014,12:52
997,1,28723,,1,0,12/15/2014,12:52
998,1,28723,,1,0,12/16/2014,12:55
999,1,28723,,1,0,12/16/2014,13:20
1000,1,28723,,1,0,12/18/2014,12:56
1001,1,28723,,1,0,02/19/2015,12:11
1002,1,28723,,1,0,02/19/2015,12:11
1003,1,28723,,1,0,02/26/2015,12:00
1004,1,28723,,1,0,02/26/2015,12:20
1005,1,28723,,1,0,02/26/2015,12:20
1006,1,28723,,1,0,02/27/2015,16:53
1007,1,28725,,1,0,11/05/2014,11:54
1008,1,28725,,1,0,11/05/2014,12:40
1009,1,28725,,1,0,11/07/2014,15:59
1010,1,28725,,1,0,11/08/2014,14:04
1011,1,28725,,1,0,11/08/2014,15:41
1012,1,28725,,1,0,11/09/2014,17:05
1013,1,28725,,1,0,11/10/2014,12:29
1014,1,28725,,1,0,11/10/2014,13:29
1015,1,28725,,1,0,11/12/2014,13:10
1016,1,28725,,1,0,11/12/2014,14:55
1017,1,28725,,1,0,11/13/2014,12:32
1018,1,28725,,1,0,11/15/2014,10:59
1019,1,28725,,1,0,11/15/2014,10:59
1020,1,28725,,1,0,11/16/2014,11:41
1021,1,28725,,1,0,11/16/2014,12:06
1022,1,28725,,1,0,11/17/2014,8:12
1023,1,28725,,1,0,11/18/2014,10:04
1024,1,28725,,1,0,11/18/2014,10:04
1025,1,28725,,1,0,11/19/2014,12:20
1026,1,28725,,1,0,11/20/2014,16:03
1027,1,28725,,1,0,11/22/2014,13:23
1028,1,28725,,1,0,11/22/2014,13:24
1029,1,28725,,1,0,11/24/2014,12:52
1030,1,28725,,1,0,11/24/2014,12:53
1031,1,28725,,1,0,11/26/2014,14:12
1032,1,28725,,1,0,11/26/2014,14:12
1033,1,28725,,1,0,11/27/2014,17:07
1034,1,28725,,1,0,11/27/2014,17:07
1035,1,28725,,1,0,11/28/2014,13:33
1036,1,28725,,1,0,12/03/2014,17:05
1037,1,28725,,1,0,12/03/2014,17:05
1038,1,28725,,1,0,12/06/2014,14:14
1039,1,28725,,1,0,12/06/2014,14:14
1040,1,28725,,1,0,12/11/2014,13:41
1041,1,28725,,1,0,12/11/2014,13:41
1042,1,28725,,1,0,12/12/2014,13:23
1043,1,28725,,1,0,12/12/2014,13:23
1044,1,28725,,1,0,12/15/2014,9:44
1045,1,28725,,1,0,12/15/2014,9:45
1046,1,28725,,1,0,12/18/2014,10:58
1047,1,28725,,1,0,12/18/2014,10:58
1048,1,28725,,1,0,12/19/2014,12:43
1049,1,28725,,1,0,12/19/2014,12:44
1050,1,28725,,1,0,12/20/2014,9:05
1051,1,28725,,1,0,12/20/2014,9:05
1052,1,28725,,1,0,12/22/2014,12:32
1053,1,28725,,1,0,12/22/2014,12:33
1054,1,28725,,1,0,12/23/2014,12:50
1055,1,28725,,1,0,12/23/2014,12:50
1056,1,28725,,1,0,12/26/2014,15:56
1057,1,28725,,1,0,12/27/2014,13:19
1058,1,28725,,1,0,12/27/2014,13:19
1059,1,28725,,1,0,12/28/2014,12:35
1060,1,28725,,1,0,12/28/2014,12:35
1061,1,28725,,1,0,01/05/2015,13:12
1062,1,28725,,1,0,01/06/2015,15:54
1063,1,28725,,1,0,01/06/2015,15:55
1064,1,28725,,1,0,01/09/2015,15:51
1065,1,28725,,1,0,01/09/2015,15:52
1066,1,28725,,1,0,01/13/2015,15:53
1067,1,28725,,1,0,01/13/2015,15:53
1068,1,28725,,1,0,01/15/2015,15:34
1069,1,28725,,1,0,01/15/2015,15:35
1070,1,28725,,1,0,01/18/2015,8:20
1071,1,28725,,1,0,01/18/2015,8:21
1072,1,28725,,1,0,01/23/2015,15:05
1073,1,28725,,1,0,01/23/2015,15:05
1074,1,28725,,1,0,01/24/2015,9:55
1075,1,28725,,1,0,01/24/2015,9:55
1076,1,28725,,1,0,02/12/2015,14:44
1077,1,28725,,1,0,02/12/2015,14:44
1078,1,28725,,1,0,02/26/2015,14:28
1079,1,28725,,1,0,02/26/2015,15:18
1080,1,28725,,1,0,02/27/2015,11:54
1081,1,28725,,1,0,02/27/2015,11:54
1082,1,28725,,1,0,02/27/2015,15:15
1083,1,28725,,1,0,02/28/2015,9:46
1084,1,28728,,1,0,11/05/2014,12:01
1085,1,28728,,1,0,11/05/2014,12:30
1086,1,28728,,1,0,11/06/2014,13:06
1087,1,28728,,1,0,11/07/2014,13:43
1088,1,28728,,1,0,11/08/2014,13:45
1089,1,28728,,1,0,11/08/2014,13:45
1090,1,28728,,1,0,11/09/2014,6:15
1091,1,28728,,1,0,11/09/2014,6:15
1092,1,28728,,1,0,11/09/2014,16:28
1093,1,28728,,1,0,11/09/2014,16:28
1094,1,28728,,1,0,11/10/2014,11:41
1095,1,28728,,1,0,11/10/2014,11:41
1096,1,28728,,1,0,11/10/2014,11:44
1097,1,28728,,1,0,11/12/2014,11:07
1098,1,28728,,1,0,11/12/2014,11:07
1099,1,28728,,1,0,11/13/2014,11:16
1100,1,28728,,1,0,11/13/2014,11:16
1101,1,28728,,1,0,11/16/2014,15:57
1102,1,28728,,1,0,11/16/2014,15:57
1103,1,28728,,1,0,11/17/2014,11:09
1104,1,28728,,1,0,11/17/2014,11:09
1105,1,28728,,1,0,11/18/2014,10:05
1106,1,28728,,1,0,11/18/2014,10:05
1107,1,28728,,1,0,11/19/2014,11:06
1108,1,28728,,1,0,11/19/2014,11:06
1109,1,28728,,1,0,11/22/2014,10:58
1110,1,28728,,1,0,11/22/2014,10:58
1111,1,28728,,1,0,11/23/2014,10:09
1112,1,28728,,1,0,11/23/2014,10:09
1113,1,28728,,1,0,11/24/2014,11:37
1114,1,28728,,1,0,11/24/2014,11:37
1115,1,28728,,1,0,11/26/2014,12:16
1116,1,28728,,1,0,11/26/2014,12:16
1117,1,28728,,1,0,11/28/2014,8:14
1118,1,28728,,1,0,12/05/2014,10:18
1119,1,28728,,1,0,12/05/2014,10:18
1120,1,28728,,1,0,12/10/2014,12:21
1121,1,28728,,1,0,12/10/2014,12:21
1122,1,28728,,1,0,12/12/2014,11:34
1123,1,28728,,1,0,12/12/2014,11:34
1124,1,28728,,1,0,12/13/2014,11:42
1125,1,28728,,1,0,12/13/2014,11:42
1126,1,28728,,1,0,12/15/2014,11:04
1127,1,28728,,1,0,12/16/2014,12:37
1128,1,28728,,1,0,12/16/2014,12:37
1129,1,28728,,1,0,12/17/2014,10:39
1130,1,28728,,1,0,12/17/2014,10:39
1131,1,28728,,1,0,12/20/2014,9:20
1132,1,28728,,1,0,12/20/2014,9:20
1133,1,28728,,1,0,12/23/2014,16:07
1134,1,28728,,1,0,12/23/2014,16:07
1135,1,28728,,1,0,12/24/2014,11:01
1136,1,28728,,1,0,12/24/2014,11:01
1137,1,28728,,1,0,12/26/2014,12:02
1138,1,28728,,1,0,12/26/2014,12:02
1139,1,28728,,1,0,12/27/2014,6:30
1140,1,28728,,1,0,12/28/2014,7:48
1141,1,28728,,1,0,01/05/2015,10:27
1142,1,28728,,1,0,01/05/2015,10:27
1143,1,28728,,1,0,01/07/2015,12:56
1144,1,28728,,1,0,01/07/2015,12:56
1145,1,28728,,1,0,01/08/2015,15:41
1146,1,28728,,1,0,01/08/2015,15:41
1147,1,28728,,1,0,01/20/2015,9:47
1148,1,28728,,1,0,01/20/2015,9:47
1149,1,28728,,1,0,01/22/2015,10:28
1150,1,28728,,1,0,01/22/2015,10:29
1151,1,28728,,1,0,01/23/2015,10:34
1152,1,28728,,1,0,01/23/2015,10:34
1153,1,28728,,1,0,01/23/2015,14:15
1154,1,28728,,1,0,01/24/2015,10:41
1155,1,28728,,1,0,01/24/2015,10:41
1156,1,28728,,1,0,01/27/2015,10:23
1157,1,28728,,1,0,01/27/2015,10:23
1158,1,28728,,1,0,01/28/2015,7:54
1159,1,28728,,1,0,01/28/2015,7:54
1160,1,28728,,1,0,02/03/2015,16:03
1161,1,28728,,1,0,02/03/2015,16:03
1162,1,28728,,1,0,02/05/2015,10:08
1163,1,28728,,1,0,02/05/2015,10:08
1164,1,28728,,1,0,02/07/2015,12:50
1165,1,28728,,1,0,02/07/2015,12:50
1166,1,28728,,1,0,02/09/2015,11:59
1167,1,28728,,1,0,02/09/2015,11:59
1168,1,28728,,1,0,02/12/2015,11:20
1169,1,28728,,1,0,02/12/2015,11:20
1170,1,28728,,1,0,02/18/2015,12:06
1171,1,28728,,1,0,02/18/2015,12:06
1172,1,28728,,1,0,02/22/2015,9:24
1173,1,28728,,1,0,02/22/2015,9:24
1174,1,28728,,1,0,02/24/2015,11:00
1175,1,28728,,1,0,02/24/2015,11:00
1176,1,28728,,1,0,02/26/2015,11:11
1177,1,28728,,1,0,02/26/2015,11:20
1178,1,28728,,1,0,02/27/2015,11:49
1179,1,28728,,1,0,02/27/2015,15:19
1180,1,28728,,1,0,02/28/2015,7:50
1181,1,28728,,1,0,02/28/2015,10:07
1182,1,28729,,1,0,11/03/2014,9:14
1183,1,28729,,1,0,11/03/2014,9:30
1184,1,28729,,1,0,11/05/2014,11:12
1185,1,28729,,1,0,11/05/2014,11:27
1186,1,28729,,1,0,11/06/2014,11:40
1187,1,28729,,1,0,11/06/2014,11:52
1188,1,28729,,1,0,11/07/2014,14:51
1189,1,28729,,1,0,11/07/2014,14:52
1190,1,28729,,1,0,11/08/2014,10:26
1191,1,28729,,1,0,11/08/2014,10:47
1192,1,28729,,1,0,11/09/2014,8:21
1193,1,28729,,1,0,11/09/2014,13:04
1194,1,28729,,1,0,11/10/2014,10:19
1195,1,28729,,1,0,11/10/2014,10:46
1196,1,28729,,1,0,11/10/2014,11:06
1197,1,28729,,1,0,11/12/2014,9:01
1198,1,28729,,1,0,11/12/2014,9:26
1199,1,28729,,1,0,11/13/2014,8:47
1200,1,28729,,1,0,11/13/2014,9:15
1201,1,28729,,1,0,11/15/2014,8:34
1202,1,28729,,1,0,11/16/2014,8:00
1203,1,28729,,1,0,11/16/2014,8:20
1204,1,28729,,1,0,11/17/2014,13:41
1205,1,28729,,1,0,11/18/2014,11:19
1206,1,28729,,1,0,11/19/2014,7:34
1207,1,28729,,1,0,11/19/2014,10:42
1208,1,28729,,1,0,11/20/2014,8:52
1209,1,28729,,1,0,11/22/2014,6:38
1210,1,28729,,1,0,11/22/2014,6:40
1211,1,28729,,1,0,11/24/2014,8:25
1212,1,28729,,1,0,11/24/2014,8:25
1213,1,28729,,1,0,11/24/2014,8:41
1214,1,28729,,1,0,11/26/2014,9:27
1215,1,28729,,1,0,11/27/2014,17:07
1216,1,28729,,1,0,11/27/2014,19:01
1217,1,28729,,1,0,11/28/2014,9:44
1218,1,28729,,1,0,11/28/2014,11:04
1219,1,28729,,1,0,11/28/2014,11:04
1220,1,28729,,1,0,12/03/2014,12:21
1221,1,28729,,1,0,12/03/2014,12:42
1222,1,28729,,1,0,12/06/2014,9:07
1223,1,28729,,1,0,12/06/2014,9:33
1224,1,28729,,1,0,12/09/2014,10:19
1225,1,28729,,1,0,12/09/2014,10:29
1226,1,28729,,1,0,12/10/2014,8:57
1227,1,28729,,1,0,12/10/2014,8:57
1228,1,28729,,1,0,12/11/2014,10:45
1229,1,28729,,1,0,12/11/2014,10:45
1230,1,28729,,1,0,12/12/2014,9:57
1231,1,28729,,1,0,12/13/2014,8:25
1232,1,28729,,1,0,12/15/2014,8:43
1233,1,28729,,1,0,12/15/2014,8:43
1234,1,28729,,1,0,12/18/2014,13:00
1235,1,28729,,1,0,12/20/2014,8:32
1236,1,28729,,1,0,12/20/2014,8:40
1237,1,28729,,1,0,12/20/2014,8:40
1238,1,28729,,1,0,12/20/2014,8:40
1239,1,28729,,1,0,12/22/2014,8:29
1240,1,28729,,1,0,12/22/2014,8:29
1241,1,28729,,1,0,12/24/2014,8:37
1242,1,28729,,1,0,12/24/2014,8:37
1243,1,28729,,1,0,12/26/2014,9:01
1244,1,28729,,1,0,12/26/2014,9:01
1245,1,28729,,1,0,12/27/2014,18:11
1246,1,28729,,1,0,12/27/2014,18:11
1247,1,28729,,1,0,12/28/2014,10:47
1248,1,28729,,1,0,12/28/2014,10:47
1249,1,28729,,1,0,01/06/2015,9:46
1250,1,28729,,1,0,01/06/2015,9:46
1251,1,28729,,1,0,01/08/2015,13:15
1252,1,28729,,1,0,01/08/2015,13:15
1253,1,28729,,1,0,01/12/2015,8:49
1254,1,28729,,1,0,01/12/2015,8:49
1255,1,28729,,1,0,01/13/2015,8:31
1256,1,28729,,1,0,01/15/2015,8:19
1257,1,28729,,1,0,01/15/2015,9:51
1258,1,28729,,1,0,01/16/2015,12:00
1259,1,28729,,1,0,01/17/2015,9:59
1260,1,28729,,1,0,01/17/2015,9:59
1261,1,28729,,1,0,01/19/2015,11:45
1262,1,28729,,1,0,01/19/2015,11:45
1263,1,28729,,1,0,01/22/2015,7:42
1264,1,28729,,1,0,01/23/2015,7:25
1265,1,28729,,1,0,01/23/2015,7:25
1266,1,28729,,1,0,01/24/2015,7:56
1267,1,28729,,1,0,01/24/2015,7:56
1268,1,28729,,1,0,01/26/2015,18:03
1269,1,28729,,1,0,01/27/2015,16:42
1270,1,28729,,1,0,01/28/2015,9:26
1271,1,28729,,1,0,02/03/2015,10:23
1272,1,28729,,1,0,02/03/2015,11:11
1273,1,28729,,1,0,02/05/2015,10:59
1274,1,28729,,1,0,02/05/2015,12:01
1275,1,28729,,1,0,02/06/2015,11:57
1276,1,28729,,1,0,02/06/2015,11:58
1277,1,28729,,1,0,02/07/2015,15:34
1278,1,28729,,1,0,02/07/2015,15:34
1279,1,28729,,1,0,02/08/2015,11:29
1280,1,28729,,1,0,02/10/2015,11:14
1281,1,28729,,1,0,02/10/2015,11:14
1282,1,28729,,1,0,02/12/2015,8:34
1283,1,28729,,1,0,02/12/2015,8:54
1284,1,28729,,1,0,02/13/2015,15:20
1285,1,28729,,1,0,02/13/2015,15:55
1286,1,28729,,1,0,02/17/2015,9:29
1287,1,28729,,1,0,02/17/2015,9:29
1288,1,28729,,1,0,02/27/2015,9:13
1289,1,28729,,1,0,02/27/2015,15:19
1290,1,28729,,1,0,02/28/2015,7:49
1291,1,28729,,1,0,02/28/2015,9:46
1292,1,28731,,1,0,10/29/2014,18:00
1293,1,28731,,1,0,10/30/2014,9:24
1294,1,28731,,1,0,10/30/2014,18:45
1295,1,28731,,1,0,10/31/2014,7:36
1296,1,28731,,1,0,11/05/2014,8:00
1297,1,28731,,1,0,11/05/2014,17:38
1298,1,28731,,1,0,11/06/2014,7:32
1299,1,28731,,1,0,11/06/2014,12:07
1300,1,28731,,1,0,11/06/2014,12:32
1301,1,28731,,1,0,11/07/2014,8:02
1302,1,28731,,1,0,11/07/2014,12:05
1303,1,28731,,1,0,11/07/2014,12:15
1304,1,28731,,1,0,11/07/2014,17:51
1305,1,28731,,1,0,11/10/2014,19:30
1306,1,28731,,1,0,11/11/2014,15:45
1307,1,28731,,1,0,11/12/2014,8:07
1308,1,28731,,1,0,11/12/2014,17:15
1309,1,28731,,1,0,11/13/2014,7:41
1310,1,28731,,1,0,11/13/2014,12:06
1311,1,28731,,1,0,11/13/2014,12:24
1312,1,28731,,1,0,11/13/2014,18:39
1313,1,28731,,1,0,11/15/2014,8:02
1314,1,28731,,1,0,11/15/2014,12:42
1315,1,28731,,1,0,11/15/2014,12:59
1316,1,28731,,1,0,11/15/2014,17:46
1317,1,28731,,1,0,11/17/2014,8:02
1318,1,28731,,1,0,11/17/2014,12:02
1319,1,28731,,1,0,11/18/2014,8:19
1320,1,28731,,1,0,11/19/2014,7:50
1321,1,28731,,1,0,11/19/2014,18:23
1322,1,28731,,1,0,11/22/2014,8:07
1323,1,28731,,1,0,11/25/2014,7:41
1324,1,28731,,1,0,11/25/2014,17:21
1325,1,28731,,1,0,11/26/2014,8:24
1326,1,28731,,1,0,11/26/2014,12:03
1327,1,28731,,1,0,11/26/2014,17:10
1328,1,28731,,1,0,11/27/2014,19:01
1329,1,28731,,1,0,11/28/2014,14:50
1330,1,28731,,1,0,11/28/2014,17:48
1331,1,28731,,1,0,11/30/2014,7:57
1332,1,28731,,1,0,11/30/2014,12:00
1333,1,28731,,1,0,12/02/2014,9:10
1334,1,28731,,1,0,12/02/2014,11:59
1335,1,28731,,1,0,12/02/2014,12:21
1336,1,28731,,1,0,12/02/2014,17:10
1337,1,28731,,1,0,12/03/2014,17:34
1338,1,28731,,1,0,12/04/2014,8:59
1339,1,28731,,1,0,12/04/2014,12:03
1340,1,28731,,1,0,12/04/2014,12:04
1341,1,28731,,1,0,12/04/2014,17:05
1342,1,28731,,1,0,12/05/2014,8:03
1343,1,28731,,1,0,12/05/2014,12:03
1344,1,28731,,1,0,12/05/2014,17:40
1345,1,28731,,1,0,12/08/2014,7:27
1346,1,28731,,1,0,12/10/2014,19:54
1347,1,28731,,1,0,12/13/2014,8:34
1348,1,28731,,1,0,12/13/2014,11:58
1349,1,28731,,1,0,12/13/2014,18:29
1350,1,28731,,1,0,12/14/2014,12:52
1351,1,28731,,1,0,12/14/2014,16:56
1352,1,28731,,1,0,12/15/2014,8:00
1353,1,28731,,1,0,12/15/2014,12:01
1354,1,28731,,1,0,12/15/2014,12:01
1355,1,28731,,1,0,12/15/2014,19:52
1356,1,28731,,1,0,12/16/2014,17:30
1357,1,28731,,1,0,12/17/2014,12:29
1358,1,28731,,1,0,12/17/2014,18:55
1359,1,28731,,1,0,12/18/2014,8:29
1360,1,28731,,1,0,12/18/2014,17:50
1361,1,28731,,1,0,12/19/2014,8:27
1362,1,28731,,1,0,12/20/2014,8:56
1363,1,28731,,1,0,12/20/2014,12:08
1364,1,28731,,1,0,12/20/2014,12:54
1365,1,28731,,1,0,12/20/2014,17:45
1366,1,28731,,1,0,12/22/2014,18:39
1367,1,28731,,1,0,12/23/2014,8:41
1368,1,28731,,1,0,12/24/2014,8:25
1369,1,28731,,1,0,12/26/2014,15:01
1370,1,28731,,1,0,12/27/2014,20:50
1371,1,28731,,1,0,12/28/2014,20:05
1372,1,28731,,1,0,12/29/2014,17:05
1373,1,28731,,1,0,01/02/2015,7:28
1374,1,28731,,1,0,01/03/2015,19:57
1375,1,28731,,1,0,01/04/2015,22:07
1376,1,28731,,1,0,01/05/2015,21:01
1377,1,30013,,1,0,11/05/2014,11:07
1378,1,30013,,1,0,11/07/2014,10:43
1379,1,30013,,1,0,11/07/2014,10:43
1380,1,30013,,1,0,11/09/2014,4:54
1381,1,30013,,1,0,11/09/2014,5:15
1382,1,30013,,1,0,11/09/2014,5:15
1383,1,30013,,1,0,11/09/2014,5:15
1384,1,30013,,1,0,11/10/2014,11:06
1385,1,30013,,1,0,11/10/2014,11:06
1386,1,30013,,1,0,11/10/2014,11:06
1387,1,30013,,1,0,11/12/2014,7:35
1388,1,30013,,1,0,11/12/2014,7:35
1389,1,30013,,1,0,11/13/2014,8:23
1390,1,30013,,1,0,11/13/2014,8:23
1391,1,30013,,1,0,11/16/2014,14:41
1392,1,30013,,1,0,11/16/2014,14:41
1393,1,30013,,1,0,11/18/2014,9:10
1394,1,30013,,1,0,11/18/2014,9:10
1395,1,30013,,1,0,11/22/2014,3:09
1396,1,30013,,1,0,11/22/2014,6:27
1397,1,30013,,1,0,11/23/2014,15:27
1398,1,30013,,1,0,11/23/2014,15:38
1399,1,30013,,1,0,11/24/2014,7:42
1400,1,30013,,1,0,11/27/2014,11:10
1401,1,30013,,1,0,11/27/2014,11:45
1402,1,30013,,1,0,11/28/2014,6:51
1403,1,30013,,1,0,12/02/2014,11:06
1404,1,30013,,1,0,12/02/2014,11:06
1405,1,30013,,1,0,12/03/2014,11:36
1406,1,30013,,1,0,12/04/2014,10:07
1407,1,30013,,1,0,12/05/2014,4:12
1408,1,30013,,1,0,12/05/2014,11:42
1409,1,30013,,1,0,12/05/2014,11:48
1410,1,30013,,1,0,12/05/2014,12:05
1411,1,30013,,1,0,12/06/2014,10:49
1412,1,30013,,1,0,12/07/2014,10:26
1413,1,30013,,1,0,12/07/2014,10:26
1414,1,30013,,1,0,12/11/2014,9:18
1415,1,30013,,1,0,12/11/2014,9:31
1416,1,30013,,1,0,12/12/2014,6:59
1417,1,30013,,1,0,12/13/2014,8:11
1418,1,30013,,1,0,12/15/2014,8:43
1419,1,30013,,1,0,12/16/2014,10:21
1420,1,30013,,1,0,12/16/2014,10:21
1421,1,30013,,1,0,12/17/2014,7:48
1422,1,30013,,1,0,12/17/2014,7:48
1423,1,30013,,1,0,12/18/2014,8:59
1424,1,30013,,1,0,12/19/2014,9:30
1425,1,30013,,1,0,12/20/2014,7:12
1426,1,30013,,1,0,12/22/2014,6:45
1427,1,30013,,1,0,12/23/2014,7:25
1428,1,30013,,1,0,12/24/2014,4:00
1429,1,30013,,1,0,12/26/2014,9:38
1430,1,30013,,1,0,12/27/2014,8:15
1431,1,30013,,1,0,01/06/2015,11:03
1432,1,30013,,1,0,01/07/2015,8:47
1433,1,30013,,1,0,01/08/2015,11:00
1434,1,30013,,1,0,01/12/2015,7:02
1435,1,30013,,1,0,01/13/2015,8:34
1436,1,30013,,1,0,01/13/2015,15:14
1437,1,30013,,1,0,01/14/2015,10:12
1438,1,30013,,1,0,01/15/2015,8:19
1439,1,30013,,1,0,01/16/2015,9:47
1440,1,30013,,1,0,01/16/2015,9:53
1441,1,30013,,1,0,01/19/2015,8:46
1442,1,30013,,1,0,01/19/2015,16:18
1443,1,30013,,1,0,01/20/2015,7:21
1444,1,30013,,1,0,01/22/2015,7:12
1445,1,30013,,1,0,01/23/2015,7:41
1446,1,30013,,1,0,01/24/2015,7:42
1447,1,30013,,1,0,01/24/2015,7:51
1448,1,30013,,1,0,01/26/2015,2:24
1449,1,30013,,1,0,01/27/2015,8:57
1450,1,30013,,1,0,01/28/2015,6:25
1451,1,30013,,1,0,01/28/2015,6:47
1452,1,30013,,1,0,02/03/2015,4:16
1453,1,30013,,1,0,02/05/2015,12:00
1454,1,30013,,1,0,02/05/2015,12:02
1455,1,30013,,1,0,02/07/2015,9:15
1456,1,30013,,1,0,02/09/2015,9:56
1457,1,30013,,1,0,02/12/2015,7:21
1458,1,30013,,1,0,02/15/2015,8:53
1459,1,30013,,1,0,02/16/2015,10:10
1460,1,30013,,1,0,02/17/2015,7:35
1461,1,30013,,1,0,02/19/2015,8:19
1462,1,30013,,1,0,02/24/2015,7:47
1463,1,30013,,1,0,02/27/2015,9:13
1464,1,30013,,1,0,02/27/2015,9:27
1465,1,30013,,1,0,02/27/2015,9:27
1466,1,30013,,1,0,02/28/2015,6:56
1467,1,30013,,1,0,02/28/2015,7:58
1468,1,30022,,1,0,11/05/2014,17:08
1469,1,30022,,1,0,11/07/2014,16:22
1470,1,30022,,1,0,11/08/2014,17:08
1471,1,30022,,1,0,11/08/2014,17:09
1472,1,30022,,1,0,11/09/2014,15:56
1473,1,30022,,1,0,11/09/2014,15:56
1474,1,30022,,1,0,11/12/2014,16:36
1475,1,30022,,1,0,11/12/2014,16:36
1476,1,30022,,1,0,11/13/2014,17:51
1477,1,30022,,1,0,11/13/2014,17:51
1478,1,30022,,1,0,11/16/2014,15:44
1479,1,30022,,1,0,11/16/2014,15:44
1480,1,30022,,1,0,12/08/2014,16:20
1481,1,30024,,1,0,11/03/2014,18:24
1482,1,30024,,1,0,11/03/2014,19:44
1483,1,30024,,1,0,11/05/2014,15:12
1484,1,30024,,1,0,11/05/2014,16:35
1485,1,30024,,1,0,11/06/2014,15:46
1486,1,30024,,1,0,11/06/2014,17:02
1487,1,30024,,1,0,11/07/2014,17:03
1488,1,30024,,1,0,11/07/2014,17:47
1489,1,30024,,1,0,11/08/2014,13:04
1490,1,30024,,1,0,11/08/2014,14:49
1491,1,30024,,1,0,11/09/2014,6:14
1492,1,30024,,1,0,11/09/2014,16:16
1493,1,30024,,1,0,11/09/2014,16:30
1494,1,30024,,1,0,11/10/2014,17:02
1495,1,30024,,1,0,11/10/2014,18:21
1496,1,30024,,1,0,11/12/2014,13:04
1497,1,30024,,1,0,11/12/2014,16:57
1498,1,30024,,1,0,11/13/2014,13:46
1499,1,30024,,1,0,11/13/2014,14:47
1500,1,30024,,1,0,11/15/2014,15:03
1501,1,30024,,1,0,11/15/2014,18:18
1502,1,30024,,1,0,11/16/2014,17:24
1503,1,30024,,1,0,11/17/2014,14:44
1504,1,30024,,1,0,11/17/2014,16:22
1505,1,30024,,1,0,11/18/2014,13:49
1506,1,30024,,1,0,11/18/2014,15:15
1507,1,30024,,1,0,11/19/2014,15:19
1508,1,30024,,1,0,11/19/2014,16:18
1509,1,30024,,1,0,11/20/2014,14:29
1510,1,30024,,1,0,11/20/2014,15:51
1511,1,30024,,1,0,11/22/2014,12:37
1512,1,30024,,1,0,11/22/2014,14:20
1513,1,30024,,1,0,11/23/2014,11:11
1514,1,30024,,1,0,11/23/2014,14:11
1515,1,30024,,1,0,11/24/2014,13:41
1516,1,30024,,1,0,11/24/2014,17:02
1517,1,30024,,1,0,11/26/2014,14:59
1518,1,30024,,1,0,11/26/2014,16:06
1519,1,30024,,1,0,11/27/2014,12:11
1520,1,30024,,1,0,11/27/2014,13:10
1521,1,30024,,1,0,11/28/2014,13:29
1522,1,30024,,1,0,11/28/2014,15:04
1523,1,30024,,1,0,12/03/2014,14:16
1524,1,30024,,1,0,12/03/2014,17:24
1525,1,30024,,1,0,12/05/2014,14:12
1526,1,30024,,1,0,12/05/2014,15:22
1527,1,30024,,1,0,12/06/2014,14:19
1528,1,30024,,1,0,12/06/2014,14:30
1529,1,30024,,1,0,12/07/2014,14:21
1530,1,30024,,1,0,12/07/2014,14:38
1531,1,30024,,1,0,12/09/2014,15:22
1532,1,30024,,1,0,12/10/2014,15:20
1533,1,30024,,1,0,12/10/2014,15:40
1534,1,30024,,1,0,12/11/2014,15:17
1535,1,30024,,1,0,12/11/2014,15:27
1536,1,30024,,1,0,12/12/2014,12:48
1537,1,30024,,1,0,12/12/2014,13:39
1538,1,30024,,1,0,12/13/2014,12:45
1539,1,30024,,1,0,12/13/2014,14:10
1540,1,30024,,1,0,12/15/2014,13:57
1541,1,30024,,1,0,12/15/2014,14:38
1542,1,30024,,1,0,12/16/2014,13:25
1543,1,30024,,1,0,12/16/2014,14:06
1544,1,30024,,1,0,12/17/2014,13:42
1545,1,30024,,1,0,12/17/2014,17:35
1546,1,30024,,1,0,12/18/2014,13:31
1547,1,30024,,1,0,12/18/2014,16:39
1548,1,30024,,1,0,12/19/2014,16:05
1549,1,30024,,1,0,12/19/2014,17:44
1550,1,30024,,1,0,12/20/2014,15:09
1551,1,30024,,1,0,12/20/2014,15:17
1552,1,30024,,1,0,12/22/2014,12:52
1553,1,30024,,1,0,12/22/2014,13:37
1554,1,30024,,1,0,12/23/2014,12:32
1555,1,30024,,1,0,12/23/2014,13:08
1556,1,30024,,1,0,12/24/2014,13:47
1557,1,30024,,1,0,12/24/2014,15:11
1558,1,30024,,1,0,12/26/2014,15:14
1559,1,30024,,1,0,12/26/2014,15:50
1560,1,30024,,1,0,12/27/2014,11:28
1561,1,30024,,1,0,12/27/2014,12:10
1562,1,30024,,1,0,12/28/2014,8:31
1563,1,30024,,1,0,12/28/2014,8:36
1564,1,30024,,1,0,01/03/2015,15:44
1565,1,30024,,1,0,01/03/2015,16:39
1566,1,30024,,1,0,01/05/2015,19:26
1567,1,30024,,1,0,01/05/2015,19:41
1568,1,30024,,1,0,01/06/2015,15:53
1569,1,30024,,1,0,01/06/2015,16:54
1570,1,30024,,1,0,01/07/2015,12:52
1571,1,30024,,1,0,01/07/2015,13:31
1572,1,30024,,1,0,01/08/2015,13:14
1573,1,30024,,1,0,01/08/2015,14:16
1574,1,30024,,1,0,01/09/2015,14:56
1575,1,30024,,1,0,01/09/2015,15:36
1576,1,30024,,1,0,01/10/2015,14:37
1577,1,30024,,1,0,01/10/2015,15:04
1578,1,30024,,1,0,01/12/2015,14:07
1579,1,30024,,1,0,01/13/2015,14:19
1580,1,30024,,1,0,01/19/2015,16:43
1581,1,30024,,1,0,01/20/2015,13:51
1582,1,30024,,1,0,01/20/2015,14:24
1583,1,30024,,1,0,01/22/2015,12:03
1584,1,30024,,1,0,01/22/2015,12:36
1585,1,30024,,1,0,01/23/2015,13:02
1586,1,30024,,1,0,01/23/2015,13:46
1587,1,30024,,1,0,01/24/2015,13:11
1588,1,30024,,1,0,01/24/2015,14:50
1589,1,30024,,1,0,01/26/2015,0:54
1590,1,30024,,1,0,01/27/2015,10:50
1591,1,30024,,1,0,01/27/2015,12:01
1592,1,30024,,1,0,01/28/2015,12:12
1593,1,30024,,1,0,01/28/2015,13:25
1594,1,30024,,1,0,02/03/2015,11:44
1595,1,30024,,1,0,02/05/2015,16:07
1596,1,30024,,1,0,02/06/2015,13:55
1597,1,30024,,1,0,02/06/2015,15:10
1598,1,30024,,1,0,02/07/2015,12:47
1599,1,30024,,1,0,02/07/2015,14:03
1600,1,30024,,1,0,02/08/2015,12:20
1601,1,30024,,1,0,02/08/2015,12:42
1602,1,30024,,1,0,02/09/2015,14:28
1603,1,30024,,1,0,02/09/2015,15:08
1604,1,30024,,1,0,02/10/2015,14:09
1605,1,30024,,1,0,02/10/2015,14:28
1606,1,30024,,1,0,02/12/2015,13:04
1607,1,30024,,1,0,02/12/2015,13:44
1608,1,30024,,1,0,02/13/2015,13:04
1609,1,30024,,1,0,02/13/2015,13:45
1610,1,30024,,1,0,02/15/2015,12:55
1611,1,30024,,1,0,02/15/2015,14:13
1612,1,30024,,1,0,02/16/2015,13:25
1613,1,30024,,1,0,02/16/2015,13:43
1614,1,30024,,1,0,02/17/2015,12:42
1615,1,30024,,1,0,02/17/2015,14:17
1616,1,30024,,1,0,02/18/2015,12:16
1617,1,30024,,1,0,02/18/2015,15:59
1618,1,30024,,1,0,02/19/2015,14:42
1619,1,30024,,1,0,02/19/2015,16:00
1620,1,30024,,1,0,02/20/2015,13:21
1621,1,30024,,1,0,02/20/2015,16:00
1622,1,30024,,1,0,02/22/2015,10:49
1623,1,30024,,1,0,02/22/2015,11:28
1624,1,30024,,1,0,02/23/2015,16:34
1625,1,30024,,1,0,02/24/2015,12:36
1626,1,30024,,1,0,02/24/2015,14:29
1627,1,30024,,1,0,02/25/2015,8:45
1628,1,30024,,1,0,02/25/2015,13:10
1629,1,30024,,1,0,02/26/2015,14:14
1630,1,30024,,1,0,02/26/2015,15:24
1631,1,30024,,1,0,02/27/2015,11:52
1632,1,30024,,1,0,02/27/2015,12:33
1633,1,30024,,1,0,02/28/2015,10:27
1634,1,30024,,1,0,02/28/2015,13:56
1635,1,30029,,1,0,10/29/2014,14:00
1636,1,30029,,1,0,10/31/2014,20:00
1637,1,30029,,1,0,11/03/2014,8:54
1638,1,30029,,1,0,11/03/2014,22:06
1639,1,30029,,1,0,11/04/2014,8:00
1640,1,30029,,1,0,11/04/2014,19:14
1641,1,30029,,1,0,11/05/2014,7:54
1642,1,30029,,1,0,11/05/2014,23:05
1643,1,30029,,1,0,11/06/2014,8:21
1644,1,30029,,1,0,11/06/2014,21:59
1645,1,30029,,1,0,11/07/2014,9:23
1646,1,30029,,1,0,11/07/2014,9:23
1647,1,30029,,1,0,11/07/2014,20:27
1648,1,30029,,1,0,11/08/2014,8:23
1649,1,30029,,1,0,11/08/2014,21:57
1650,1,30029,,1,0,11/10/2014,8:46
1651,1,30029,,1,0,11/10/2014,19:50
1652,1,30029,,1,0,11/11/2014,8:35
1653,1,30029,,1,0,11/11/2014,19:39
1654,1,30029,,1,0,11/12/2014,8:26
1655,1,30029,,1,0,11/12/2014,22:57
1656,1,30029,,1,0,11/13/2014,8:31
1657,1,30029,,1,0,11/13/2014,21:10
1658,1,30029,,1,0,11/14/2014,8:17
1659,1,30029,,1,0,11/14/2014,20:59
1660,1,30029,,1,0,11/15/2014,8:42
1661,1,30029,,1,0,11/15/2014,21:28
1662,1,30029,,1,0,11/16/2014,20:13
1663,1,30029,,1,0,11/16/2014,20:13
1664,1,30029,,1,0,11/17/2014,8:40
1665,1,30029,,1,0,11/17/2014,21:36
1666,1,30029,,1,0,11/18/2014,8:20
1667,1,30029,,1,0,11/18/2014,19:52
1668,1,30029,,1,0,11/19/2014,8:12
1669,1,30029,,1,0,11/19/2014,21:42
1670,1,30029,,1,0,11/20/2014,7:38
1671,1,30029,,1,0,11/20/2014,22:18
1672,1,30029,,1,0,11/21/2014,7:51
1673,1,30029,,1,0,11/21/2014,21:19
1674,1,30029,,1,0,11/22/2014,9:07
1675,1,30029,,1,0,11/22/2014,21:40
1676,1,30029,,1,0,11/24/2014,8:37
1677,1,30029,,1,0,11/24/2014,21:32
1678,1,30029,,1,0,11/25/2014,8:41
1679,1,30029,,1,0,11/25/2014,21:22
1680,1,30029,,1,0,11/26/2014,7:37
1681,1,30029,,1,0,11/26/2014,20:42
1682,1,30029,,1,0,11/27/2014,8:57
1683,1,30029,,1,0,11/27/2014,20:00
1684,1,30029,,1,0,11/28/2014,8:35
1685,1,30029,,1,0,11/28/2014,22:11
1686,1,30029,,1,0,11/29/2014,8:13
1687,1,30029,,1,0,11/29/2014,21:56
1688,1,30029,,1,0,12/01/2014,8:13
1689,1,30029,,1,0,12/01/2014,22:20
1690,1,30029,,1,0,12/02/2014,7:42
1691,1,30029,,1,0,12/02/2014,20:51
1692,1,30029,,1,0,12/03/2014,8:09
1693,1,30029,,1,0,12/03/2014,20:39
1694,1,30029,,1,0,12/04/2014,7:52
1695,1,30029,,1,0,12/04/2014,19:33
1696,1,30029,,1,0,12/05/2014,8:15
1697,1,30029,,1,0,12/05/2014,20:20
1698,1,30029,,1,0,12/06/2014,8:45
1699,1,30029,,1,0,12/06/2014,13:37
1700,1,30029,,1,0,12/08/2014,9:39
1701,1,30029,,1,0,12/08/2014,20:33
1702,1,30029,,1,0,12/09/2014,9:00
1703,1,30029,,1,0,12/09/2014,20:17
1704,1,30029,,1,0,12/10/2014,9:22
1705,1,30029,,1,0,12/10/2014,20:33
1706,1,30029,,1,0,12/11/2014,9:39
1707,1,30029,,1,0,12/11/2014,20:38
1708,1,30029,,1,0,12/12/2014,9:56
1709,1,30029,,1,0,12/12/2014,20:25
1710,1,30029,,1,0,12/13/2014,9:44
1711,1,30029,,1,0,12/13/2014,20:19
1712,1,30029,,1,0,02/04/2015,21:08
1713,1,30030,,1,0,10/31/2014,17:11
1714,1,30030,,1,0,11/01/2014,10:00
1715,1,30030,,1,0,11/01/2014,17:01
1716,1,30030,,1,0,11/03/2014,9:51
1717,1,30030,,1,0,11/03/2014,22:06
1718,1,30030,,1,0,11/04/2014,8:49
1719,1,30030,,1,0,11/04/2014,19:14
1720,1,30030,,1,0,11/05/2014,9:09
1721,1,30030,,1,0,11/05/2014,23:05
1722,1,30030,,1,0,11/06/2014,8:40
1723,1,30030,,1,0,11/06/2014,21:58
1724,1,30030,,1,0,11/07/2014,8:13
1725,1,30030,,1,0,11/07/2014,20:27
1726,1,30030,,1,0,11/08/2014,8:25
1727,1,30030,,1,0,11/08/2014,21:56
1728,1,30030,,1,0,11/10/2014,9:29
1729,1,30030,,1,0,11/10/2014,18:59
1730,1,30030,,1,0,11/11/2014,6:53
1731,1,30030,,1,0,11/11/2014,19:38
1732,1,30030,,1,0,11/12/2014,7:22
1733,1,30030,,1,0,11/12/2014,22:57
1734,1,30030,,1,0,11/13/2014,12:22
1735,1,30030,,1,0,11/13/2014,21:10
1736,1,30030,,1,0,11/14/2014,8:11
1737,1,30030,,1,0,11/14/2014,20:59
1738,1,30030,,1,0,11/15/2014,8:01
1739,1,30030,,1,0,11/15/2014,20:00
1740,1,30030,,1,0,11/17/2014,8:44
1741,1,30030,,1,0,11/17/2014,21:37
1742,1,30030,,1,0,11/18/2014,7:00
1743,1,30030,,1,0,11/18/2014,19:52
1744,1,30030,,1,0,11/19/2014,7:09
1745,1,30030,,1,0,11/19/2014,21:42
1746,1,30030,,1,0,11/20/2014,7:05
1747,1,30030,,1,0,11/20/2014,22:18
1748,1,30030,,1,0,11/21/2014,9:41
1749,1,30030,,1,0,11/21/2014,19:16
1750,1,30030,,1,0,11/22/2014,8:35
1751,1,30030,,1,0,11/22/2014,21:39
1752,1,30030,,1,0,11/24/2014,8:10
1753,1,30030,,1,0,11/24/2014,21:31
1754,1,30030,,1,0,11/25/2014,7:42
1755,1,30030,,1,0,11/25/2014,21:20
1756,1,30030,,1,0,11/26/2014,8:18
1757,1,30030,,1,0,11/26/2014,19:51
1758,1,30030,,1,0,11/27/2014,7:13
1759,1,30030,,1,0,11/27/2014,19:53
1760,1,30030,,1,0,11/28/2014,6:21
1761,1,30030,,1,0,11/28/2014,21:21
1762,1,30030,,1,0,11/29/2014,7:20
1763,1,30030,,1,0,11/29/2014,21:13
1764,1,30030,,1,0,12/01/2014,7:10
1765,1,30030,,1,0,12/01/2014,22:20
1766,1,30030,,1,0,12/02/2014,7:31
1767,1,30030,,1,0,12/02/2014,20:03
1768,1,30030,,1,0,12/03/2014,7:39
1769,1,30030,,1,0,12/03/2014,19:18
1770,1,30030,,1,0,12/04/2014,7:30
1771,1,30030,,1,0,12/04/2014,18:51
1772,1,30030,,1,0,12/05/2014,8:28
1773,1,30030,,1,0,12/05/2014,20:04
1774,1,30030,,1,0,12/06/2014,7:14
1775,1,30030,,1,0,12/06/2014,13:37
1776,1,30030,,1,0,12/08/2014,9:20
1777,1,30030,,1,0,12/08/2014,20:33
1778,1,30030,,1,0,12/09/2014,7:37
1779,1,30030,,1,0,12/09/2014,20:11
1780,1,30030,,1,0,12/10/2014,9:39
1781,1,30030,,1,0,12/10/2014,20:32
1782,1,30030,,1,0,12/11/2014,9:42
1783,1,30030,,1,0,12/11/2014,18:54
1784,1,30030,,1,0,12/12/2014,9:22
1785,1,30030,,1,0,12/12/2014,19:58
1786,1,30030,,1,0,12/13/2014,12:43
1787,1,30030,,1,0,12/13/2014,20:20
1788,1,30030,,1,0,12/15/2014,9:00
1789,1,30030,,1,0,12/15/2014,22:44
1790,1,30030,,1,0,12/16/2014,9:49
1791,1,30030,,1,0,12/16/2014,23:08
1792,1,30030,,1,0,12/17/2014,9:18
1793,1,30030,,1,0,12/17/2014,22:39
1794,1,30030,,1,0,12/18/2014,7:06
1795,1,30030,,1,0,12/18/2014,22:03
1796,1,30030,,1,0,12/19/2014,6:21
1797,1,30030,,1,0,12/19/2014,21:29
1798,1,30030,,1,0,12/20/2014,6:04
1799,1,30030,,1,0,12/20/2014,18:11
1800,1,30030,,1,0,12/21/2014,9:28
1801,1,30030,,1,0,12/21/2014,19:20
1802,1,30030,,1,0,12/22/2014,8:13
1803,1,30030,,1,0,12/22/2014,21:01
1804,1,30030,,1,0,12/23/2014,7:33
1805,1,30030,,1,0,12/23/2014,22:34
1806,1,30030,,1,0,12/24/2014,7:34
1807,1,30030,,1,0,12/24/2014,15:15
1808,1,30030,,1,0,12/26/2014,8:18
1809,1,30030,,1,0,12/26/2014,19:30
1810,1,30030,,1,0,12/27/2014,6:44
1811,1,30030,,1,0,12/27/2014,20:37
1812,1,30030,,1,0,12/29/2014,9:15
1813,1,30030,,1,0,12/29/2014,20:36
1814,1,30030,,1,0,12/30/2014,7:20
1815,1,30030,,1,0,12/30/2014,21:02
1816,1,30030,,1,0,01/03/2015,7:11
1817,1,30030,,1,0,01/03/2015,21:45
1818,1,30030,,1,0,01/07/2015,8:29
1819,1,30030,,1,0,01/07/2015,19:48
1820,1,30030,,1,0,01/08/2015,8:04
1821,1,30030,,1,0,01/08/2015,20:55
1822,1,30030,,1,0,01/08/2015,20:55
1823,1,30030,,1,0,01/09/2015,6:37
1824,1,30030,,1,0,01/09/2015,21:15
1825,1,30030,,1,0,01/10/2015,6:43
1826,1,30030,,1,0,01/10/2015,19:16
1827,1,30030,,1,0,01/12/2015,7:29
1828,1,30030,,1,0,01/12/2015,22:28
1829,1,30030,,1,0,01/13/2015,13:41
1830,1,30030,,1,0,01/13/2015,18:50
1831,1,30030,,1,0,01/14/2015,8:38
1832,1,30030,,1,0,01/14/2015,19:17
1833,1,30030,,1,0,01/15/2015,9:30
1834,1,30030,,1,0,01/15/2015,20:28
1835,1,30030,,1,0,01/16/2015,9:09
1836,1,30030,,1,0,01/16/2015,19:54
1837,1,30030,,1,0,01/17/2015,9:17
1838,1,30030,,1,0,01/17/2015,20:13
1839,1,30030,,1,0,01/19/2015,8:23
1840,1,30030,,1,0,01/19/2015,19:42
1841,1,30030,,1,0,01/20/2015,8:42
1842,1,30030,,1,0,01/20/2015,19:33
1843,1,30030,,1,0,01/21/2015,8:47
1844,1,30030,,1,0,01/21/2015,20:29
1845,1,30030,,1,0,01/22/2015,9:04
1846,1,30030,,1,0,01/22/2015,21:09
1847,1,30030,,1,0,01/23/2015,8:38
1848,1,30030,,1,0,01/23/2015,18:22
1849,1,30030,,1,0,01/24/2015,8:05
1850,1,30030,,1,0,01/24/2015,21:26
1851,1,30030,,1,0,01/25/2015,21:26
1852,1,30030,,1,0,01/27/2015,7:22
1853,1,30030,,1,0,01/27/2015,21:52
1854,1,30030,,1,0,01/28/2015,7:08
1855,1,30030,,1,0,01/28/2015,22:10
1856,1,30030,,1,0,01/29/2015,7:33
1857,1,30030,,1,0,01/29/2015,21:08
1858,1,30030,,1,0,01/30/2015,9:10
1859,1,30030,,1,0,01/30/2015,21:13
1860,1,30030,,1,0,01/31/2015,8:21
1861,1,30030,,1,0,01/31/2015,20:18
1862,1,30030,,1,0,02/02/2015,9:19
1863,1,30030,,1,0,02/02/2015,21:21
1864,1,30030,,1,0,02/03/2015,9:05
1865,1,30030,,1,0,02/03/2015,20:03
1866,1,30030,,1,0,02/04/2015,9:01
1867,1,30030,,1,0,02/04/2015,21:08
1868,1,30030,,1,0,02/05/2015,9:22
1869,1,30030,,1,0,02/05/2015,9:22
1870,1,30030,,1,0,02/05/2015,20:17
1871,1,30030,,1,0,02/06/2015,8:22
1872,1,30030,,1,0,02/06/2015,21:35
1873,1,30030,,1,0,02/07/2015,7:44
1874,1,30030,,1,0,02/07/2015,20:18
1875,1,30030,,1,0,02/09/2015,10:41
1876,1,30030,,1,0,02/09/2015,22:01
1877,1,30030,,1,0,02/10/2015,7:16
1878,1,30030,,1,0,02/10/2015,20:08
1879,1,30030,,1,0,02/11/2015,8:08
1880,1,30030,,1,0,02/11/2015,20:15
1881,1,30030,,1,0,02/12/2015,7:39
1882,1,30030,,1,0,02/12/2015,21:03
1883,1,30030,,1,0,02/13/2015,13:23
1884,1,30030,,1,0,02/13/2015,21:39
1885,1,30030,,1,0,02/14/2015,7:31
1886,1,30030,,1,0,02/14/2015,18:56
1887,1,30030,,1,0,02/16/2015,11:47
1888,1,30030,,1,0,02/16/2015,21:21
1889,1,30030,,1,0,02/17/2015,7:47
1890,1,30030,,1,0,02/17/2015,20:45
1891,1,30030,,1,0,02/18/2015,7:43
1892,1,30030,,1,0,02/18/2015,21:18
1893,1,30030,,1,0,02/19/2015,7:38
1894,1,30030,,1,0,02/19/2015,21:45
1895,1,30030,,1,0,02/20/2015,7:19
1896,1,30030,,1,0,02/20/2015,19:53
1897,1,30030,,1,0,02/21/2015,6:31
1898,1,30030,,1,0,02/22/2015,7:25
1899,1,30030,,1,0,02/22/2015,17:08
1900,1,30030,,1,0,02/23/2015,7:28
1901,1,30030,,1,0,02/23/2015,22:04
1902,1,30030,,1,0,02/24/2015,9:18
1903,1,30030,,1,0,02/24/2015,21:36
1904,1,30030,,1,0,02/25/2015,7:46
1905,1,30030,,1,0,02/25/2015,22:21
1906,1,30030,,1,0,02/26/2015,7:22
1907,1,30030,,1,0,02/26/2015,20:12
1908,1,30030,,1,0,02/27/2015,7:11
1909,1,30030,,1,0,02/27/2015,21:57
1910,1,30030,,1,0,02/28/2015,7:27
1911,1,30030,,1,0,02/28/2015,21:47
1912,1,30030,,1,0,03/02/2015,7:19
1913,1,30031,,1,0,10/31/2014,16:59
1914,1,30031,,1,0,10/31/2014,17:03
1915,1,30031,,1,0,11/03/2014,6:26
1916,1,30031,,1,0,11/03/2014,15:42
1917,1,30031,,1,0,11/05/2014,10:34
1918,1,30031,,1,0,11/05/2014,11:05
1919,1,30031,,1,0,11/06/2014,12:41
1920,1,30031,,1,0,11/06/2014,12:58
1921,1,30031,,1,0,11/07/2014,15:34
1922,1,30031,,1,0,11/08/2014,11:29
1923,1,30031,,1,0,11/08/2014,11:52
1924,1,30031,,1,0,11/09/2014,6:11
1925,1,30031,,1,0,11/09/2014,15:20
1926,1,30031,,1,0,11/10/2014,12:56
1927,1,30031,,1,0,11/10/2014,13:11
1928,1,30031,,1,0,11/12/2014,17:01
1929,1,30031,,1,0,11/13/2014,14:08
1930,1,30031,,1,0,11/15/2014,13:41
1931,1,30031,,1,0,11/15/2014,14:24
1932,1,30031,,1,0,11/16/2014,16:58
1933,1,30031,,1,0,11/16/2014,17:13
1934,1,30031,,1,0,11/17/2014,15:14
1935,1,30031,,1,0,11/18/2014,11:05
1936,1,30031,,1,0,11/18/2014,11:21
1937,1,30031,,1,0,11/19/2014,12:17
1938,1,30031,,1,0,11/19/2014,12:22
1939,1,30031,,1,0,11/20/2014,11:28
1940,1,30031,,1,0,11/20/2014,11:53
1941,1,30031,,1,0,11/22/2014,13:08
1942,1,30031,,1,0,11/22/2014,13:23
1943,1,30031,,1,0,11/23/2014,12:05
1944,1,30031,,1,0,11/24/2014,10:36
1945,1,30031,,1,0,11/24/2014,10:47
1946,1,30031,,1,0,11/26/2014,9:19
1947,1,30031,,1,0,11/26/2014,9:28
1948,1,30031,,1,0,11/26/2014,9:30
1949,1,30031,,1,0,11/27/2014,14:07
1950,1,30031,,1,0,11/27/2014,14:07
1951,1,30031,,1,0,11/28/2014,7:37
1952,1,30031,,1,0,12/03/2014,12:14
1953,1,30031,,1,0,12/03/2014,12:58
1954,1,30031,,1,0,12/05/2014,9:39
1955,1,30031,,1,0,12/05/2014,9:40
1956,1,30031,,1,0,12/06/2014,11:50
1957,1,30031,,1,0,12/06/2014,12:08
1958,1,30031,,1,0,12/07/2014,11:03
1959,1,30031,,1,0,12/07/2014,11:12
1960,1,30031,,1,0,12/07/2014,11:13
1961,1,30031,,1,0,12/09/2014,11:00
1962,1,30031,,1,0,12/10/2014,10:01
1963,1,30031,,1,0,12/10/2014,11:03
1964,1,30031,,1,0,12/11/2014,12:23
1965,1,30031,,1,0,12/11/2014,12:43
1966,1,30031,,1,0,12/12/2014,12:03
1967,1,30031,,1,0,12/12/2014,12:32
1968,1,30031,,1,0,12/13/2014,12:37
1969,1,30031,,1,0,12/15/2014,12:52
1970,1,30031,,1,0,12/16/2014,18:04
1971,1,30031,,1,0,12/16/2014,18:32
1972,1,30031,,1,0,12/18/2014,10:39
1973,1,30031,,1,0,12/18/2014,10:50
1974,1,30031,,1,0,12/20/2014,14:48
1975,1,30031,,1,0,12/22/2014,12:46
1976,1,30031,,1,0,12/22/2014,12:50
1977,1,30031,,1,0,12/23/2014,11:11
1978,1,30031,,1,0,12/24/2014,13:04
1979,1,30031,,1,0,12/26/2014,11:58
1980,1,30031,,1,0,12/26/2014,12:22
1981,1,30031,,1,0,01/05/2015,11:04
1982,1,30031,,1,0,01/05/2015,11:07
1983,1,30031,,1,0,01/06/2015,11:48
1984,1,30031,,1,0,01/09/2015,12:47
1985,1,30031,,1,0,01/10/2015,12:03
1986,1,30031,,1,0,01/12/2015,13:29
1987,1,30031,,1,0,01/13/2015,13:16
1988,1,30031,,1,0,01/13/2015,13:25
1989,1,30031,,1,0,01/15/2015,13:11
1990,1,30031,,1,0,01/15/2015,13:56
1991,1,30031,,1,0,01/16/2015,16:29
1992,1,30031,,1,0,01/16/2015,16:40
1993,1,30031,,1,0,01/17/2015,13:16
1994,1,30031,,1,0,01/18/2015,11:08
1995,1,30031,,1,0,01/19/2015,11:15
1996,1,30031,,1,0,01/19/2015,11:19
1997,1,30031,,1,0,01/20/2015,9:38
1998,1,30031,,1,0,01/20/2015,9:49
1999,1,30031,,1,0,01/22/2015,11:19
2000,1,30031,,1,0,01/24/2015,11:08
2001,1,30031,,1,0,01/24/2015,11:17
2002,1,30031,,1,0,01/25/2015,21:27
2003,1,30031,,1,0,01/27/2015,12:02
2004,1,30031,,1,0,01/28/2015,14:59
2005,1,30031,,1,0,02/03/2015,12:01
2006,1,30031,,1,0,02/05/2015,10:31
2007,1,30031,,1,0,02/05/2015,10:35
2008,1,30031,,1,0,02/06/2015,11:44
2009,1,30031,,1,0,02/07/2015,14:51
2010,1,30031,,1,0,02/07/2015,14:57
2011,1,30031,,1,0,02/08/2015,12:09
2012,1,30031,,1,0,02/08/2015,12:13
2013,1,30031,,1,0,02/09/2015,11:32
2014,1,30031,,1,0,02/09/2015,11:35
2015,1,30031,,1,0,02/10/2015,11:17
2016,1,30031,,1,0,02/12/2015,11:10
2017,1,30031,,1,0,02/12/2015,11:11
2018,1,30031,,1,0,02/12/2015,11:22
2019,1,30031,,1,0,02/13/2015,13:25
2020,1,30031,,1,0,02/16/2015,16:08
2021,1,30031,,1,0,02/18/2015,13:27
2022,1,30031,,1,0,02/19/2015,13:23
2023,1,30031,,1,0,02/22/2015,12:27
2024,1,30031,,1,0,02/23/2015,12:38
2025,1,30031,,1,0,02/24/2015,10:45
2026,1,30031,,1,0,02/24/2015,10:47
2027,1,30031,,1,0,02/26/2015,12:05
2028,1,30031,,1,0,02/26/2015,12:20
2029,1,30031,,1,0,02/27/2015,10:49
2030,1,30034,,1,0,10/29/2014,15:24
2031,1,30034,,1,0,10/29/2014,17:12
2032,1,30034,,1,0,10/30/2014,13:50
2033,1,30034,,1,0,10/30/2014,14:46
2034,1,30034,,1,0,10/31/2014,11:09
2035,1,30034,,1,0,10/31/2014,11:52
2036,1,30034,,1,0,10/31/2014,14:34
2037,1,30034,,1,0,10/31/2014,16:01
2038,1,30034,,1,0,11/03/2014,13:41
2039,1,30034,,1,0,11/03/2014,14:57
2040,1,30034,,1,0,11/04/2014,14:28
2041,1,30034,,1,0,11/04/2014,15:36
2042,1,30034,,1,0,11/05/2014,14:05
2043,1,30034,,1,0,11/05/2014,15:24
2044,1,30034,,1,0,11/07/2014,14:31
2045,1,30034,,1,0,11/07/2014,15:56
2046,1,30034,,1,0,11/08/2014,15:49
2047,1,30034,,1,0,11/08/2014,19:14
2048,1,30034,,1,0,11/09/2014,18:35
2049,1,30034,,1,0,11/09/2014,19:01
2050,1,30034,,1,0,11/10/2014,12:09
2051,1,30034,,1,0,11/10/2014,13:03
2052,1,30034,,1,0,11/10/2014,16:42
2053,1,30034,,1,0,11/11/2014,13:06
2054,1,30034,,1,0,11/11/2014,13:22
2055,1,30034,,1,0,11/12/2014,15:01
2056,1,30034,,1,0,11/12/2014,18:47
2057,1,30034,,1,0,11/12/2014,19:11
2058,1,30034,,1,0,11/13/2014,14:24
2059,1,30034,,1,0,11/13/2014,15:16
2060,1,30034,,1,0,11/14/2014,14:44
2061,1,30034,,1,0,11/14/2014,16:28
2062,1,30034,,1,0,11/15/2014,14:12
2063,1,30034,,1,0,11/16/2014,17:35
2064,1,30034,,1,0,11/16/2014,19:03
2065,1,30034,,1,0,11/17/2014,12:30
2066,1,30034,,1,0,11/17/2014,12:42
2067,1,30034,,1,0,11/17/2014,15:26
2068,1,30034,,1,0,11/17/2014,17:39
2069,1,30034,,1,0,11/18/2014,13:50
2070,1,30034,,1,0,11/18/2014,14:09
2071,1,30034,,1,0,11/19/2014,14:06
2072,1,30034,,1,0,11/19/2014,14:44
2073,1,30034,,1,0,11/20/2014,15:37
2074,1,30034,,1,0,11/20/2014,16:28
2075,1,30034,,1,0,11/21/2014,14:01
2076,1,30034,,1,0,11/30/2014,18:12
2077,1,30034,,1,0,12/10/2014,13:18
2078,1,30034,,1,0,12/16/2014,15:51
2079,1,30034,,1,0,12/18/2014,17:14
2080,1,30034,,1,0,12/18/2014,18:05
2081,1,30034,,1,0,12/19/2014,16:58
2082,1,30034,,1,0,12/20/2014,16:19
2083,1,30034,,1,0,12/20/2014,16:40
2084,1,30034,,1,0,12/21/2014,18:26
2085,1,30034,,1,0,12/21/2014,19:06
2086,1,30034,,1,0,12/22/2014,14:44
2087,1,30034,,1,0,12/24/2014,15:16
2088,1,30034,,1,0,12/25/2014,12:23
2089,1,30034,,1,0,12/25/2014,12:30
2090,1,30034,,1,0,12/26/2014,15:59
2091,1,30034,,1,0,12/26/2014,18:55
2092,1,30034,,1,0,12/27/2014,16:14
2093,1,30034,,1,0,12/27/2014,16:15
2094,1,30034,,1,0,12/28/2014,17:49
2095,1,30034,,1,0,12/28/2014,19:05
2096,1,30034,,1,0,12/29/2014,17:04
2097,1,30034,,1,0,12/30/2014,16:48
2098,1,30034,,1,0,12/30/2014,18:59
2099,1,30034,,1,0,12/31/2014,17:47
2100,1,30034,,1,0,12/31/2014,18:42
2101,1,30034,,1,0,01/02/2015,17:01
2102,1,30034,,1,0,01/02/2015,18:47
2103,1,30034,,1,0,01/03/2015,16:13
2104,1,30034,,1,0,01/03/2015,19:07
2105,1,30034,,1,0,01/05/2015,12:54
2106,1,30034,,1,0,01/05/2015,13:44
2107,1,30034,,1,0,01/06/2015,14:04
2108,1,30034,,1,0,01/06/2015,14:58
2109,1,30034,,1,0,01/07/2015,15:33
2110,1,30034,,1,0,01/07/2015,16:45
2111,1,30034,,1,0,01/08/2015,14:18
2112,1,30034,,1,0,01/08/2015,15:04
2113,1,30034,,1,0,01/09/2015,16:46
2114,1,30034,,1,0,01/10/2015,16:20
2115,1,30034,,1,0,01/10/2015,18:48
2116,1,30034,,1,0,01/12/2015,15:57
2117,1,30034,,1,0,01/12/2015,17:18
2118,1,30034,,1,0,01/13/2015,15:14
2119,1,30034,,1,0,01/14/2015,16:35
2120,1,30034,,1,0,01/14/2015,17:06
2121,1,30034,,1,0,01/15/2015,15:50
2122,1,30034,,1,0,01/15/2015,16:13
2123,1,30034,,1,0,01/16/2015,16:05
2124,1,30034,,1,0,01/16/2015,17:02
2125,1,30034,,1,0,01/17/2015,16:47
2126,1,30034,,1,0,01/17/2015,17:21
2127,1,30034,,1,0,01/18/2015,21:19
2128,1,30034,,1,0,01/19/2015,15:43
2129,1,30034,,1,0,01/19/2015,17:02
2130,1,30034,,1,0,01/20/2015,15:14
2131,1,30034,,1,0,01/20/2015,16:15
2132,1,30034,,1,0,01/21/2015,12:05
2133,1,30034,,1,0,01/21/2015,17:36
2134,1,30034,,1,0,01/22/2015,15:57
2135,1,30034,,1,0,01/23/2015,15:54
2136,1,30034,,1,0,01/23/2015,16:50
2137,1,30034,,1,0,01/24/2015,15:52
2138,1,30034,,1,0,01/24/2015,18:41
2139,1,30034,,1,0,01/25/2015,5:39
2140,1,30034,,1,0,01/25/2015,7:02
2141,1,30034,,1,0,01/26/2015,0:12
2142,1,30034,,1,0,01/26/2015,1:28
2143,1,30034,,1,0,01/26/2015,6:05
2144,1,30034,,1,0,01/26/2015,6:32
2145,1,30034,,1,0,01/27/2015,15:25
2146,1,30034,,1,0,01/27/2015,16:15
2147,1,30034,,1,0,01/28/2015,15:26
2148,1,30034,,1,0,01/28/2015,17:12
2149,1,30034,,1,0,01/29/2015,16:16
2150,1,30034,,1,0,01/29/2015,17:10
2151,1,30034,,1,0,01/30/2015,15:46
2152,1,30034,,1,0,01/30/2015,16:52
2153,1,30034,,1,0,01/31/2015,15:56
2154,1,30034,,1,0,01/31/2015,18:45
2155,1,30034,,1,0,02/01/2015,18:38
2156,1,30034,,1,0,02/01/2015,18:56
2157,1,30034,,1,0,02/02/2015,15:12
2158,1,30034,,1,0,02/02/2015,16:49
2159,1,30034,,1,0,02/03/2015,15:39
2160,1,30034,,1,0,02/03/2015,16:58
2161,1,30034,,1,0,02/04/2015,15:47
2162,1,30034,,1,0,02/04/2015,17:09
2163,1,30034,,1,0,02/04/2015,17:18
2164,1,30034,,1,0,02/05/2015,15:01
2165,1,30034,,1,0,02/05/2015,16:30
2166,1,30034,,1,0,02/06/2015,10:31
2167,1,30034,,1,0,02/06/2015,12:51
2168,1,30034,,1,0,02/06/2015,15:59
2169,1,30034,,1,0,02/06/2015,17:33
2170,1,30034,,1,0,02/07/2015,15:38
2171,1,30034,,1,0,02/07/2015,19:07
2172,1,30034,,1,0,02/08/2015,10:20
2173,1,30034,,1,0,02/08/2015,16:08
2174,1,30034,,1,0,02/08/2015,18:55
2175,1,30034,,1,0,02/09/2015,13:06
2176,1,30034,,1,0,02/09/2015,13:24
2177,1,30034,,1,0,02/09/2015,17:30
2178,1,30034,,1,0,02/09/2015,18:25
2179,1,30034,,1,0,02/10/2015,14:24
2180,1,30034,,1,0,02/11/2015,16:01
2181,1,30034,,1,0,02/11/2015,17:00
2182,1,30034,,1,0,02/12/2015,16:45
2183,1,30034,,1,0,02/12/2015,18:56
2184,1,30034,,1,0,02/13/2015,13:59
2185,1,30034,,1,0,02/13/2015,14:49
2186,1,30034,,1,0,02/14/2015,18:55
2187,1,30034,,1,0,02/16/2015,13:18
2188,1,30034,,1,0,02/16/2015,14:49
2189,1,30034,,1,0,02/17/2015,16:03
2190,1,30034,,1,0,02/17/2015,16:44
2191,1,30034,,1,0,02/18/2015,15:01
2192,1,30034,,1,0,02/18/2015,16:07
2193,1,30034,,1,0,02/19/2015,15:42
2194,1,30034,,1,0,02/19/2015,16:20
2195,1,30034,,1,0,02/20/2015,15:25
2196,1,30034,,1,0,02/21/2015,16:36
2197,1,30034,,1,0,02/22/2015,18:16
2198,1,30034,,1,0,02/22/2015,18:46
2199,1,30034,,1,0,02/23/2015,14:00
2200,1,30034,,1,0,02/23/2015,15:54
2201,1,30034,,1,0,02/24/2015,16:01
2202,1,30034,,1,0,02/24/2015,16:49
2203,1,30034,,1,0,02/24/2015,16:50
2204,1,30034,,1,0,02/25/2015,15:45
2205,1,30034,,1,0,02/25/2015,16:40
2206,1,30034,,1,0,02/26/2015,16:00
2207,1,30034,,1,0,02/26/2015,17:48
2208,1,30034,,1,0,02/27/2015,14:44
2209,1,30034,,1,0,02/27/2015,16:07
2210,1,30034,,1,0,02/28/2015,16:34
2211,1,30034,,1,0,02/28/2015,18:54
2212,1,30034,,1,0,03/01/2015,13:56
2213,1,30034,,1,0,03/01/2015,14:00
2214,1,30035,,1,0,11/03/2014,10:42
2215,1,30035,,1,0,11/04/2014,11:28
2216,1,30035,,1,0,11/05/2014,13:32
2217,1,30035,,1,0,11/06/2014,12:53
2218,1,30035,,1,0,11/07/2014,13:14
2219,1,30035,,1,0,11/08/2014,11:45
2220,1,30035,,1,0,11/10/2014,12:24
2221,1,30035,,1,0,11/11/2014,11:45
2222,1,30035,,1,0,11/12/2014,11:52
2223,1,30035,,1,0,11/13/2014,11:04
2224,1,30035,,1,0,11/14/2014,13:18
2225,1,30035,,1,0,11/15/2014,13:47
2226,1,30035,,1,0,11/17/2014,12:49
2227,1,30035,,1,0,11/18/2014,13:10
2228,1,30035,,1,0,11/19/2014,13:11
2229,1,30035,,1,0,11/20/2014,12:38
2230,1,30035,,1,0,11/21/2014,12:36
2231,1,30035,,1,0,11/22/2014,12:38
2232,1,30035,,1,0,11/24/2014,12:18
2233,1,30035,,1,0,11/24/2014,12:18
2234,1,30035,,1,0,11/25/2014,11:41
2235,1,30035,,1,0,11/26/2014,13:22
2236,1,30035,,1,0,11/27/2014,12:21
2237,1,30035,,1,0,11/28/2014,13:05
2238,1,30035,,1,0,11/28/2014,13:05
2239,1,30035,,1,0,11/29/2014,13:50
2240,1,30035,,1,0,12/01/2014,12:05
2241,1,30035,,1,0,12/02/2014,12:21
2242,1,30035,,1,0,12/04/2014,11:30
2243,1,30035,,1,0,12/05/2014,10:19
2244,1,30035,,1,0,12/06/2014,12:00
2245,1,30035,,1,0,12/07/2014,8:42
2246,1,30035,,1,0,12/08/2014,12:42
2247,1,30035,,1,0,12/09/2014,11:59
2248,1,30035,,1,0,12/10/2014,11:56
2249,1,30035,,1,0,12/11/2014,12:11
2250,1,30035,,1,0,12/12/2014,12:53
2251,1,30035,,1,0,12/13/2014,14:07
2252,1,30035,,1,0,12/15/2014,12:51
2253,1,30035,,1,0,12/16/2014,12:37
2254,1,30035,,1,0,12/17/2014,13:19
2255,1,30035,,1,0,12/22/2014,14:34
2256,1,30035,,1,0,12/23/2014,11:39
2257,1,30035,,1,0,12/26/2014,13:21
2258,1,30035,,1,0,12/27/2014,12:40
2259,1,30035,,1,0,12/29/2014,13:13
2260,1,30035,,1,0,12/30/2014,14:46
2261,1,30035,,1,0,12/31/2014,14:03
2262,1,30035,,1,0,01/02/2015,12:54
2263,1,30035,,1,0,01/03/2015,17:22
2264,1,30035,,1,0,01/03/2015,19:08
2265,1,30035,,1,0,01/04/2015,14:44
2266,1,30035,,1,0,01/05/2015,12:54
2267,1,30035,,1,0,01/06/2015,12:51
2268,1,30035,,1,0,01/07/2015,12:41
2269,1,30035,,1,0,01/07/2015,12:42
2270,1,30035,,1,0,01/07/2015,14:52
2271,1,30035,,1,0,01/08/2015,13:24
2272,1,30035,,1,0,01/08/2015,14:58
2273,1,30035,,1,0,01/09/2015,12:43
2274,1,30035,,1,0,01/10/2015,12:53
2275,1,30035,,1,0,01/11/2015,13:26
2276,1,30035,,1,0,01/12/2015,14:44
2277,1,30035,,1,0,01/12/2015,15:15
2278,1,30035,,1,0,01/13/2015,12:31
2279,1,30035,,1,0,01/13/2015,14:47
2280,1,30035,,1,0,01/14/2015,14:12
2281,1,30035,,1,0,01/14/2015,15:03
2282,1,30035,,1,0,01/15/2015,12:31
2283,1,30035,,1,0,01/15/2015,14:17
2284,1,30035,,1,0,01/16/2015,13:09
2285,1,30035,,1,0,01/17/2015,13:35
2286,1,30035,,1,0,01/19/2015,12:37
2287,1,30035,,1,0,01/19/2015,14:24
2288,1,30035,,1,0,01/20/2015,12:54
2289,1,30035,,1,0,01/20/2015,14:18
2290,1,30035,,1,0,01/21/2015,12:40
2291,1,30035,,1,0,01/21/2015,13:52
2292,1,30035,,1,0,01/22/2015,12:45
2293,1,30035,,1,0,01/22/2015,14:40
2294,1,30035,,1,0,01/23/2015,11:38
2295,1,30035,,1,0,01/23/2015,11:38
2296,1,30035,,1,0,01/23/2015,13:32
2297,1,30035,,1,0,01/24/2015,11:51
2298,1,30035,,1,0,01/24/2015,14:42
2299,1,30035,,1,0,01/25/2015,1:58
2300,1,30035,,1,0,01/26/2015,0:21
2301,1,30035,,1,0,01/26/2015,2:22
2302,1,30035,,1,0,01/27/2015,12:09
2303,1,30035,,1,0,01/27/2015,14:11
2304,1,30035,,1,0,01/28/2015,11:05
2305,1,30035,,1,0,01/28/2015,14:20
2306,1,30035,,1,0,01/29/2015,11:56
2307,1,30035,,1,0,01/29/2015,14:37
2308,1,30035,,1,0,01/30/2015,13:35
2309,1,30035,,1,0,01/30/2015,14:49
2310,1,30035,,1,0,01/31/2015,12:35
2311,1,30035,,1,0,01/31/2015,15:26
2312,1,30035,,1,0,02/01/2015,10:51
2313,1,30035,,1,0,02/01/2015,13:06
2314,1,30035,,1,0,02/02/2015,12:42
2315,1,30035,,1,0,02/02/2015,14:42
2316,1,30035,,1,0,02/03/2015,12:50
2317,1,30035,,1,0,02/03/2015,14:54
2318,1,30035,,1,0,02/04/2015,12:52
2319,1,30035,,1,0,02/05/2015,13:02
2320,1,30035,,1,0,02/05/2015,15:14
2321,1,30035,,1,0,02/06/2015,11:42
2322,1,30035,,1,0,02/06/2015,15:58
2323,1,30035,,1,0,02/07/2015,12:51
2324,1,30035,,1,0,02/07/2015,15:50
2325,1,30035,,1,0,02/08/2015,12:34
2326,1,30035,,1,0,02/08/2015,15:24
2327,1,30035,,1,0,02/09/2015,11:50
2328,1,30035,,1,0,02/10/2015,12:57
2329,1,30035,,1,0,02/10/2015,15:15
2330,1,30035,,1,0,02/11/2015,12:17
2331,1,30035,,1,0,02/11/2015,15:19
2332,1,30035,,1,0,02/12/2015,12:51
2333,1,30035,,1,0,02/12/2015,14:27
2334,1,30035,,1,0,02/13/2015,13:21
2335,1,30035,,1,0,02/13/2015,15:12
2336,1,30035,,1,0,02/14/2015,12:17
2337,1,30035,,1,0,02/14/2015,14:15
2338,1,30035,,1,0,02/16/2015,12:15
2339,1,30035,,1,0,02/16/2015,15:28
2340,1,30035,,1,0,02/17/2015,11:58
2341,1,30035,,1,0,02/17/2015,14:47
2342,1,30035,,1,0,02/18/2015,11:38
2343,1,30035,,1,0,02/19/2015,12:41
2344,1,30035,,1,0,02/19/2015,14:14
2345,1,30035,,1,0,02/20/2015,13:04
2346,1,30035,,1,0,02/20/2015,15:07
2347,1,30035,,1,0,02/21/2015,12:01
2348,1,30035,,1,0,02/21/2015,15:02
2349,1,30035,,1,0,02/22/2015,12:46
2350,1,30035,,1,0,02/22/2015,14:55
2351,1,30035,,1,0,02/23/2015,12:47
2352,1,30035,,1,0,02/23/2015,15:06
2353,1,30035,,1,0,02/24/2015,13:30
2354,1,30035,,1,0,02/24/2015,14:29
2355,1,30035,,1,0,02/25/2015,11:48
2356,1,30035,,1,0,02/25/2015,15:27
2357,1,30035,,1,0,02/26/2015,12:18
2358,1,30035,,1,0,02/26/2015,15:16
2359,1,30035,,1,0,02/27/2015,12:07
2360,1,30035,,1,0,02/27/2015,14:48
2361,1,30035,,1,0,02/28/2015,12:51
2362,1,30035,,1,0,02/28/2015,15:17
2363,1,30035,,1,0,03/01/2015,11:47
2364,1,30036,,1,0,11/03/2014,13:58
2365,1,30036,,1,0,11/04/2014,13:09
2366,1,30036,,1,0,11/04/2014,13:10
2367,1,30036,,1,0,11/05/2014,11:56
2368,1,30036,,1,0,11/06/2014,12:14
2369,1,30036,,1,0,11/07/2014,12:56
2370,1,30036,,1,0,11/10/2014,11:05
2371,1,30036,,1,0,11/11/2014,12:10
2372,1,30036,,1,0,11/13/2014,12:24
2373,1,30036,,1,0,11/14/2014,11:54
2374,1,30036,,1,0,11/15/2014,14:30
2375,1,30036,,1,0,11/16/2014,10:37
2376,1,30036,,1,0,11/17/2014,12:37
2377,1,30036,,1,0,11/18/2014,13:50
2378,1,30036,,1,0,11/19/2014,11:53
2379,1,30036,,1,0,11/20/2014,11:38
2380,1,30036,,1,0,11/22/2014,13:31
2381,1,30036,,1,0,11/24/2014,13:12
2382,1,30036,,1,0,11/25/2014,10:13
2383,1,30036,,1,0,11/26/2014,11:34
2384,1,30036,,1,0,11/28/2014,10:39
2385,1,30036,,1,0,12/01/2014,11:56
2386,1,30036,,1,0,12/04/2014,13:49
2387,1,30036,,1,0,12/05/2014,11:56
2388,1,30036,,1,0,12/15/2014,14:39
2389,1,30036,,1,0,12/17/2014,13:46
2390,1,30036,,1,0,12/18/2014,13:39
2391,1,30036,,1,0,12/22/2014,14:24
2392,1,30036,,1,0,12/23/2014,12:20
2393,1,30036,,1,0,12/24/2014,14:03
2394,1,30036,,1,0,12/26/2014,11:24
2395,1,30036,,1,0,12/30/2014,12:05
2396,1,30036,,1,0,01/03/2015,13:04
2397,1,30036,,1,0,01/05/2015,12:06
2398,1,30036,,1,0,01/06/2015,12:40
2399,1,30036,,1,0,01/13/2015,12:11
2400,1,30036,,1,0,01/19/2015,12:51
2401,1,30036,,1,0,01/20/2015,11:38
2402,1,30036,,1,0,01/21/2015,12:25
2403,1,30036,,1,0,01/23/2015,12:07
2404,1,30036,,1,0,01/24/2015,12:00
2405,1,30036,,1,0,01/28/2015,11:32
2406,1,30036,,1,0,01/31/2015,13:29
2407,1,30036,,1,0,02/02/2015,13:32
2408,1,30036,,1,0,02/04/2015,14:19
2409,1,30036,,1,0,02/07/2015,12:01
2410,1,30036,,1,0,02/09/2015,14:01
2411,1,30036,,1,0,02/10/2015,12:19
2412,1,30036,,1,0,02/11/2015,12:32
2413,1,30036,,1,0,02/12/2015,11:54
2414,1,30036,,1,0,02/14/2015,11:37
2415,1,30036,,1,0,02/17/2015,11:58
2416,1,30036,,1,0,02/18/2015,7:16
2417,1,30036,,1,0,02/19/2015,11:59
2418,1,30036,,1,0,02/20/2015,12:52
2419,1,30036,,1,0,02/23/2015,10:57
2420,1,30036,,1,0,02/24/2015,11:56
2421,1,30036,,1,0,02/25/2015,10:39
2422,1,30036,,1,0,02/26/2015,12:08
2423,1,30036,,1,0,02/27/2015,9:56
2424,1,30037,,1,0,10/29/2014,14:39
2425,1,30037,,1,0,10/29/2014,17:00
2426,1,30037,,1,0,10/30/2014,17:01
2427,1,30037,,1,0,10/31/2014,17:04
2428,1,30037,,1,0,11/04/2014,7:54
2429,1,30037,,1,0,11/05/2014,17:01
2430,1,30037,,1,0,11/06/2014,7:57
2431,1,30037,,1,0,11/06/2014,12:01
2432,1,30037,,1,0,11/06/2014,12:52
2433,1,30037,,1,0,11/07/2014,7:51
2434,1,30037,,1,0,11/07/2014,12:01
2435,1,30037,,1,0,11/07/2014,12:39
2436,1,30037,,1,0,11/07/2014,17:01
2437,1,30037,,1,0,11/09/2014,7:44
2438,1,30037,,1,0,11/09/2014,18:25
2439,1,30037,,1,0,11/10/2014,7:51
2440,1,30037,,1,0,11/10/2014,19:01
2441,1,30037,,1,0,11/10/2014,19:19
2442,1,30037,,1,0,11/12/2014,8:22
2443,1,30037,,1,0,11/12/2014,12:00
2444,1,30037,,1,0,11/12/2014,12:40
2445,1,30037,,1,0,11/12/2014,17:01
2446,1,30037,,1,0,11/17/2014,7:50
2447,1,30037,,1,0,11/18/2014,7:40
2448,1,30037,,1,0,11/18/2014,12:25
2449,1,30037,,1,0,11/18/2014,12:49
2450,1,30037,,1,0,11/19/2014,7:50
2451,1,30037,,1,0,11/19/2014,12:23
2452,1,30037,,1,0,11/19/2014,17:13
2453,1,30037,,1,0,11/20/2014,7:47
2454,1,30037,,1,0,11/20/2014,17:01
2455,1,30037,,1,0,11/22/2014,6:56
2456,1,30037,,1,0,11/22/2014,16:08
2457,1,30037,,1,0,11/23/2014,7:52
2458,1,30037,,1,0,11/23/2014,12:01
2459,1,30037,,1,0,11/23/2014,12:33
2460,1,30037,,1,0,11/23/2014,17:11
2461,1,30037,,1,0,11/24/2014,17:11
2462,1,30037,,1,0,11/25/2014,17:09
2463,1,30037,,1,0,11/26/2014,7:56
2464,1,30037,,1,0,11/26/2014,12:00
2465,1,30037,,1,0,11/26/2014,17:58
2466,1,30037,,1,0,11/27/2014,17:06
2467,1,30037,,1,0,11/28/2014,7:51
2468,1,30037,,1,0,11/28/2014,17:31
2469,1,30037,,1,0,12/01/2014,12:47
2470,1,30037,,1,0,12/01/2014,19:43
2471,1,30037,,1,0,12/03/2014,7:57
2472,1,30037,,1,0,12/03/2014,17:13
2473,1,30037,,1,0,12/04/2014,17:17
2474,1,30037,,1,0,12/05/2014,17:06
2475,1,30037,,1,0,12/06/2014,7:52
2476,1,30037,,1,0,12/06/2014,12:01
2477,1,30037,,1,0,12/06/2014,12:32
2478,1,30037,,1,0,12/06/2014,17:00
2479,1,30037,,1,0,12/07/2014,12:00
2480,1,30037,,1,0,12/07/2014,17:02
2481,1,30037,,1,0,12/08/2014,7:49
2482,1,30037,,1,0,12/08/2014,12:08
2483,1,30037,,1,0,12/08/2014,12:36
2484,1,30037,,1,0,12/08/2014,17:01
2485,1,30037,,1,0,12/09/2014,17:33
2486,1,30037,,1,0,12/10/2014,17:37
2487,1,30037,,1,0,12/11/2014,8:14
2488,1,30037,,1,0,12/11/2014,12:20
2489,1,30037,,1,0,12/11/2014,12:47
2490,1,30037,,1,0,12/11/2014,17:36
2491,1,30037,,1,0,12/12/2014,7:44
2492,1,30037,,1,0,12/12/2014,12:01
2493,1,30037,,1,0,12/12/2014,12:29
2494,1,30037,,1,0,12/12/2014,17:01
2495,1,30037,,1,0,12/13/2014,8:02
2496,1,30037,,1,0,12/13/2014,17:22
2497,1,30037,,1,0,12/15/2014,7:59
2498,1,30037,,1,0,12/15/2014,12:01
2499,1,30037,,1,0,12/15/2014,12:36
2500,1,30037,,1,0,12/15/2014,17:00
2501,1,30037,,1,0,12/16/2014,7:42
2502,1,30037,,1,0,12/16/2014,12:01
2503,1,30037,,1,0,12/16/2014,12:36
2504,1,30037,,1,0,12/16/2014,17:01
2505,1,30037,,1,0,12/17/2014,7:42
2506,1,30037,,1,0,12/17/2014,12:47
2507,1,30037,,1,0,12/18/2014,11:56
2508,1,30037,,1,0,12/18/2014,12:55
2509,1,30037,,1,0,12/19/2014,8:21
2510,1,30037,,1,0,12/19/2014,12:38
2511,1,30037,,1,0,12/19/2014,12:55
2512,1,30037,,1,0,12/19/2014,17:00
2513,1,30037,,1,0,12/20/2014,8:22
2514,1,30037,,1,0,12/20/2014,12:02
2515,1,30037,,1,0,12/20/2014,12:41
2516,1,30037,,1,0,12/21/2014,8:29
2517,1,30037,,1,0,12/21/2014,12:10
2518,1,30037,,1,0,12/21/2014,12:29
2519,1,30037,,1,0,12/21/2014,17:00
2520,1,30037,,1,0,12/22/2014,18:44
2521,1,30037,,1,0,12/26/2014,7:30
2522,1,30037,,1,0,12/26/2014,18:44
2523,1,30037,,1,0,12/27/2014,7:40
2524,1,30037,,1,0,12/27/2014,17:07
2525,1,30037,,1,0,12/28/2014,17:42
2526,1,30037,,1,0,01/04/2015,19:17
2527,1,30037,,1,0,01/05/2015,7:49
2528,1,30037,,1,0,01/05/2015,19:50
2529,1,30037,,1,0,01/07/2015,7:49
2530,1,30037,,1,0,01/07/2015,19:50
2531,1,30037,,1,0,01/08/2015,18:38
2532,1,30037,,1,0,01/09/2015,16:22
2533,1,30037,,1,0,01/10/2015,7:49
2534,1,30037,,1,0,01/10/2015,11:57
2535,1,30037,,1,0,01/10/2015,11:57
2536,1,30037,,1,0,01/10/2015,11:57
2537,1,30037,,1,0,01/11/2015,18:22
2538,1,30037,,1,0,01/12/2015,17:15
2539,1,30037,,1,0,01/13/2015,8:04
2540,1,30037,,1,0,01/14/2015,17:00
2541,1,30037,,1,0,01/15/2015,7:54
2542,1,30037,,1,0,01/15/2015,12:01
2543,1,30037,,1,0,01/15/2015,12:36
2544,1,30037,,1,0,01/15/2015,17:00
2545,1,30037,,1,0,01/16/2015,7:54
2546,1,30037,,1,0,01/16/2015,17:33
2547,1,30037,,1,0,01/16/2015,17:33
2548,1,30037,,1,0,01/17/2015,12:14
2549,1,30037,,1,0,01/17/2015,12:26
2550,1,30037,,1,0,01/17/2015,14:37
2551,1,30037,,1,0,01/18/2015,18:44
2552,1,30037,,1,0,01/19/2015,7:34
2553,1,30037,,1,0,01/19/2015,12:27
2554,1,30037,,1,0,01/20/2015,7:45
2555,1,30037,,1,0,01/20/2015,18:12
2556,1,30037,,1,0,01/22/2015,7:40
2557,1,30037,,1,0,01/23/2015,7:40
2558,1,30037,,1,0,01/23/2015,12:45
2559,1,30037,,1,0,01/24/2015,17:16
2560,1,30037,,1,0,01/25/2015,5:05
2561,1,30037,,1,0,01/27/2015,12:05
2562,1,30037,,1,0,01/27/2015,17:05
2563,1,30037,,1,0,01/28/2015,6:58
2564,1,30037,,1,0,01/28/2015,12:20
2565,1,30037,,1,0,01/28/2015,17:15
2566,1,30037,,1,0,01/28/2015,17:15
2567,1,30037,,1,0,01/31/2015,7:40
2568,1,30037,,1,0,01/31/2015,17:02
2569,1,30037,,1,0,02/03/2015,15:58
2570,1,30037,,1,0,02/03/2015,16:57
2571,1,30037,,1,0,02/04/2015,8:00
2572,1,30037,,1,0,02/05/2015,17:42
2573,1,30037,,1,0,02/05/2015,18:19
2574,1,30037,,1,0,02/06/2015,8:30
2575,1,30037,,1,0,02/06/2015,12:01
2576,1,30037,,1,0,02/06/2015,12:55
2577,1,30037,,1,0,02/06/2015,17:02
2578,1,30037,,1,0,02/07/2015,19:01
2579,1,30037,,1,0,02/08/2015,7:18
2580,1,30037,,1,0,02/08/2015,17:26
2581,1,30037,,1,0,02/09/2015,12:00
2582,1,30037,,1,0,02/09/2015,12:39
2583,1,30037,,1,0,02/09/2015,17:01
2584,1,30037,,1,0,02/10/2015,16:07
2585,1,30037,,1,0,02/12/2015,7:48
2586,1,30037,,1,0,02/12/2015,12:44
2587,1,30037,,1,0,02/13/2015,8:04
2588,1,30037,,1,0,02/13/2015,16:45
2589,1,30037,,1,0,02/14/2015,12:39
2590,1,30037,,1,0,02/14/2015,17:04
2591,1,30037,,1,0,02/15/2015,7:29
2592,1,30037,,1,0,02/15/2015,19:44
2593,1,30037,,1,0,02/16/2015,7:16
2594,1,30037,,1,0,02/16/2015,16:57
2595,1,30037,,1,0,02/17/2015,8:03
2596,1,30037,,1,0,02/17/2015,12:30
2597,1,30037,,1,0,02/17/2015,12:54
2598,1,30037,,1,0,02/17/2015,17:00
2599,1,30037,,1,0,02/18/2015,7:52
2600,1,30037,,1,0,02/18/2015,17:01
2601,1,30037,,1,0,02/19/2015,7:52
2602,1,30037,,1,0,02/19/2015,12:10
2603,1,30037,,1,0,02/19/2015,12:21
2604,1,30037,,1,0,02/20/2015,8:10
2605,1,30037,,1,0,02/20/2015,12:01
2606,1,30037,,1,0,02/20/2015,12:52
2607,1,30037,,1,0,02/20/2015,17:01
2608,1,30037,,1,0,02/22/2015,10:58
2609,1,30037,,1,0,02/22/2015,11:11
2610,1,30037,,1,0,02/23/2015,7:55
2611,1,30037,,1,0,02/23/2015,11:56
2612,1,30037,,1,0,02/23/2015,11:56
2613,1,30037,,1,0,02/23/2015,12:02
2614,1,30037,,1,0,02/23/2015,17:05
2615,1,30037,,1,0,02/24/2015,7:44
2616,1,30037,,1,0,02/25/2015,9:00
2617,1,30037,,1,0,02/25/2015,13:42
2618,1,30037,,1,0,02/26/2015,19:40
2619,1,30037,,1,0,02/27/2015,17:49
2620,1,30037,,1,0,02/28/2015,7:49
2621,1,30037,,1,0,02/28/2015,14:50
2622,1,30037,,1,0,03/02/2015,8:09
