883,1,30083,,1,0,03/02/2015,22:04
884,1,30083,,1,0,03/03/2015,13:02
885,1,30083,,1,0,03/03/2015,22:29
886,1,30083,,1,0,03/05/2015,5:31
887,1,30083,,1,0,03/05/2015,14:23
888,1,30083,,1,0,03/06/2015,5:28
889,1,30083,,1,0,03/06/2015,14:05
890,1,30083,,1,0,03/07/2015,5:31
891,1,30083,,1,0,03/07/2015,14:56
892,1,30083,,1,0,03/08/2015,5:47
893,1,30083,,1,0,03/08/2015,14:06
894,1,30083,,1,0,03/09/2015,5:33
895,1,30083,,1,0,03/09/2015,14:01
896,1,30083,,1,0,03/10/2015,5:37
897,1,30083,,1,0,03/10/2015,14:10
898,1,30083,,1,0,03/12/2015,13:06
899,1,30083,,1,0,03/12/2015,22:04
900,1,30083,,1,0,03/13/2015,13:01
901,1,30083,,1,0,03/13/2015,22:29
902,1,30083,,1,0,03/14/2015,13:32
903,1,30083,,1,0,03/14/2015,22:13
904,1,30083,,1,0,03/15/2015,13:16
905,1,30083,,1,0,03/15/2015,22:02
906,1,30083,,1,0,03/16/2015,13:21
907,1,30083,,1,0,03/16/2015,22:16
