1,1,1600,,1,0,12/2/2015,8:18
2,1,1600,,1,0,12/4/2015,8:06
3,1,1600,,1,0,12/4/2015,17:39
4,1,1600,,1,0,12/5/2015,6:53
5,1,1600,,1,0,12/7/2015,18:24
6,1,1600,,1,0,12/8/2015,8:54
7,1,1600,,1,0,12/8/2015,17:22
8,1,1600,,1,0,12/10/2015,8:17
9,1,1600,,1,0,12/11/2015,8:11
10,1,1600,,1,0,12/11/2015,8:11
11,1,1600,,1,0,12/12/2015,8:24
12,1,1600,,1,0,12/12/2015,17:35
13,1,1600,,1,0,12/14/2015,8:32
14,1,1604,,1,0,12/2/2015,8:36
15,1,1604,,1,0,12/2/2015,18:05
16,1,1604,,1,0,12/3/2015,8:45
17,1,1604,,1,0,12/5/2015,17:26
18,1,1604,,1,0,12/7/2015,3:55
19,1,1604,,1,0,12/8/2015,8:29
20,1,1604,,1,0,12/9/2015,8:36
21,1,1604,,1,0,12/9/2015,17:32
22,1,1604,,1,0,12/10/2015,8:33
23,1,1604,,1,0,12/10/2015,18:52
24,1,1604,,1,0,12/10/2015,18:52
25,1,1604,,1,0,12/11/2015,17:58
26,1,1604,,1,0,12/12/2015,8:44
27,1,1604,,1,0,12/12/2015,18:53
28,1,1604,,1,0,12/14/2015,8:47
29,1,1611,,1,0,12/2/2015,8:31
30,1,1611,,1,0,12/2/2015,17:06
31,1,1611,,1,0,12/2/2015,19:27
32,1,1611,,1,0,12/3/2015,8:01
33,1,1611,,1,0,12/4/2015,8:08
34,1,1611,,1,0,12/7/2015,3:41
35,1,1611,,1,0,12/7/2015,18:20
36,1,1611,,1,0,12/7/2015,18:21
37,1,1611,,1,0,12/8/2015,8:17
38,1,1611,,1,0,12/8/2015,17:04
39,1,1611,,1,0,12/9/2015,9:03
40,1,1611,,1,0,12/9/2015,9:04
41,1,1611,,1,0,12/10/2015,8:34
42,1,1611,,1,0,12/10/2015,18:56
43,1,1611,,1,0,12/10/2015,18:56
44,1,1611,,1,0,12/11/2015,8:34
45,1,1611,,1,0,12/11/2015,17:46
46,1,1611,,1,0,12/12/2015,6:58
47,1,1611,,1,0,12/12/2015,17:19
48,1,1611,,1,0,12/14/2015,8:57
49,1,1615,,1,0,12/2/2015,7:10
50,1,1615,,1,0,12/2/2015,7:10
51,1,1615,,1,0,12/2/2015,13:01
52,1,1615,,1,0,12/2/2015,17:53
53,1,1615,,1,0,12/3/2015,6:21
54,1,1615,,1,0,12/4/2015,0:20
55,1,1615,,1,0,12/4/2015,7:12
56,1,1615,,1,0,12/5/2015,6:29
57,1,1615,,1,0,12/6/2015,8:02
58,1,1615,,1,0,12/6/2015,12:37
59,1,1615,,1,0,12/6/2015,13:20
60,1,1615,,1,0,12/7/2015,6:21
61,1,1615,,1,0,12/7/2015,12:04
62,1,1615,,1,0,12/7/2015,13:10
63,1,1615,,1,0,12/7/2015,17:00
64,1,1615,,1,0,12/8/2015,6:21
65,1,1615,,1,0,12/8/2015,17:37
66,1,1615,,1,0,12/9/2015,6:36
67,1,1615,,1,0,12/9/2015,12:02
68,1,1615,,1,0,12/9/2015,13:02
69,1,1615,,1,0,12/9/2015,17:01
70,1,1615,,1,0,12/10/2015,6:48
71,1,1615,,1,0,12/10/2015,12:04
72,1,1615,,1,0,12/10/2015,13:06
73,1,1615,,1,0,12/10/2015,17:01
74,1,1615,,1,0,12/11/2015,6:16
75,1,1615,,1,0,12/11/2015,17:08
76,1,1615,,1,0,12/12/2015,5:39
77,1,1615,,1,0,12/12/2015,12:23
78,1,1615,,1,0,12/12/2015,13:17
79,1,1615,,1,0,12/12/2015,18:31
80,1,1615,,1,0,12/13/2015,9:58
81,1,1615,,1,0,12/13/2015,12:06
82,1,1615,,1,0,12/13/2015,12:56
83,1,1615,,1,0,12/13/2015,19:00
84,1,1615,,1,0,12/14/2015,7:00
85,1,1619,,1,0,12/2/2015,7:22
86,1,1619,,1,0,12/2/2015,12:24
87,1,1619,,1,0,12/2/2015,12:57
88,1,1619,,1,0,12/2/2015,17:54
89,1,1619,,1,0,12/3/2015,7:00
90,1,1619,,1,0,12/3/2015,12:02
91,1,1619,,1,0,12/3/2015,12:59
92,1,1619,,1,0,12/3/2015,17:09
93,1,1619,,1,0,12/4/2015,7:03
94,1,1619,,1,0,12/4/2015,12:07
95,1,1619,,1,0,12/4/2015,12:59
96,1,1619,,1,0,12/4/2015,17:36
97,1,1619,,1,0,12/5/2015,6:56
98,1,1619,,1,0,12/5/2015,12:04
99,1,1619,,1,0,12/5/2015,12:58
100,1,1619,,1,0,12/5/2015,17:11
101,1,1619,,1,0,12/7/2015,8:04
102,1,1619,,1,0,12/7/2015,12:05
103,1,1619,,1,0,12/7/2015,12:59
104,1,1619,,1,0,12/7/2015,17:37
105,1,1619,,1,0,12/8/2015,7:07
106,1,1619,,1,0,12/8/2015,12:03
107,1,1619,,1,0,12/8/2015,12:59
108,1,1619,,1,0,12/8/2015,17:23
109,1,1619,,1,0,12/8/2015,23:35
110,1,1619,,1,0,12/9/2015,7:31
111,1,1619,,1,0,12/9/2015,12:08
112,1,1619,,1,0,12/9/2015,13:00
113,1,1619,,1,0,12/9/2015,17:21
114,1,1619,,1,0,12/10/2015,6:58
115,1,1619,,1,0,12/10/2015,12:20
116,1,1619,,1,0,12/10/2015,13:01
117,1,1619,,1,0,12/10/2015,17:05
118,1,1619,,1,0,12/10/2015,17:33
119,1,1619,,1,0,12/11/2015,6:41
120,1,1619,,1,0,12/11/2015,12:04
121,1,1619,,1,0,12/11/2015,12:58
122,1,1619,,1,0,12/11/2015,17:08
123,1,1619,,1,0,12/12/2015,5:49
124,1,1619,,1,0,12/12/2015,12:15
125,1,1619,,1,0,12/12/2015,13:00
126,1,1619,,1,0,12/13/2015,9:57
127,1,1619,,1,0,12/13/2015,12:25
128,1,1619,,1,0,12/13/2015,13:01
129,1,1619,,1,0,12/13/2015,19:30
130,1,1619,,1,0,12/14/2015,7:06
131,1,1619,,1,0,12/14/2015,12:21
132,1,1619,,1,0,12/14/2015,12:58
133,1,1619,,1,0,12/14/2015,12:58
134,1,1621,,1,0,12/1/2015,22:17
135,1,1621,,1,0,12/2/2015,9:26
136,1,1621,,1,0,12/2/2015,22:33
137,1,1621,,1,0,12/3/2015,9:38
138,1,1621,,1,0,12/3/2015,9:38
139,1,1621,,1,0,12/3/2015,22:29
140,1,1621,,1,0,12/4/2015,13:52
141,1,1621,,1,0,12/4/2015,22:15
142,1,1621,,1,0,12/5/2015,6:06
143,1,1621,,1,0,12/5/2015,6:06
144,1,1621,,1,0,12/5/2015,16:23
145,1,1621,,1,0,12/7/2015,6:39
146,1,1621,,1,0,12/7/2015,16:02
147,1,1621,,1,0,12/9/2015,6:46
148,1,1621,,1,0,12/9/2015,15:14
149,1,1621,,1,0,12/10/2015,6:54
150,1,1621,,1,0,12/10/2015,17:34
151,1,1621,,1,0,12/11/2015,7:29
152,1,1621,,1,0,12/11/2015,7:29
153,1,1621,,1,0,12/11/2015,16:06
154,1,1621,,1,0,12/12/2015,6:47
155,1,1621,,1,0,12/12/2015,15:54
156,1,1621,,1,0,12/13/2015,6:51
157,1,1621,,1,0,12/14/2015,6:42
158,1,1630,,1,0,12/1/2015,19:48
159,1,1630,,1,0,12/2/2015,6:14
160,1,1630,,1,0,12/2/2015,7:58
161,1,1630,,1,0,12/2/2015,18:05
162,1,1630,,1,0,12/3/2015,8:23
163,1,1630,,1,0,12/3/2015,18:11
164,1,1630,,1,0,12/4/2015,8:09
165,1,1630,,1,0,12/5/2015,7:54
166,1,1630,,1,0,12/7/2015,3:46
167,1,1630,,1,0,12/8/2015,7:40
168,1,1630,,1,0,12/8/2015,17:19
169,1,1630,,1,0,12/10/2015,8:11
170,1,1630,,1,0,12/11/2015,0:21
178,1,1630,,1,0,12/11/2015,8:11
179,1,1630,,1,0,12/11/2015,17:48
180,1,1630,,1,0,12/12/2015,7:58
181,1,1630,,1,0,12/12/2015,17:41
182,1,1631,,1,0,12/2/2015,6:50
183,1,1631,,1,0,12/2/2015,12:04
184,1,1631,,1,0,12/2/2015,12:19
185,1,1631,,1,0,12/2/2015,17:56
186,1,1631,,1,0,12/3/2015,6:41
187,1,1631,,1,0,12/3/2015,12:02
188,1,1631,,1,0,12/3/2015,12:49
189,1,1631,,1,0,12/3/2015,17:18
190,1,1631,,1,0,12/4/2015,6:44
191,1,1631,,1,0,12/4/2015,12:00
192,1,1631,,1,0,12/4/2015,12:21
193,1,1631,,1,0,12/4/2015,17:22
194,1,1631,,1,0,12/4/2015,18:36
195,1,1631,,1,0,12/5/2015,6:49
196,1,1631,,1,0,12/5/2015,7:05
197,1,1631,,1,0,12/5/2015,12:03
198,1,1631,,1,0,12/5/2015,12:17
199,1,1631,,1,0,12/5/2015,17:11
200,1,1631,,1,0,12/7/2015,7:15
201,1,1631,,1,0,12/7/2015,12:04
202,1,1631,,1,0,12/7/2015,12:57
203,1,1631,,1,0,12/7/2015,17:20
204,1,1631,,1,0,12/8/2015,6:55
205,1,1631,,1,0,12/8/2015,12:03
206,1,1631,,1,0,12/8/2015,12:23
207,1,1631,,1,0,12/8/2015,17:04
208,1,1631,,1,0,12/8/2015,23:35
209,1,1631,,1,0,12/9/2015,1:40
210,1,1631,,1,0,12/9/2015,7:35
211,1,1631,,1,0,12/9/2015,12:04
212,1,1631,,1,0,12/9/2015,12:21
213,1,1631,,1,0,12/9/2015,17:01
214,1,1631,,1,0,12/9/2015,17:08
215,1,1631,,1,0,12/10/2015,7:53
216,1,1631,,1,0,12/10/2015,12:04
217,1,1631,,1,0,12/10/2015,12:21
218,1,1631,,1,0,12/10/2015,17:01
219,1,1631,,1,0,12/11/2015,7:03
220,1,1631,,1,0,12/11/2015,12:00
221,1,1631,,1,0,12/11/2015,12:18
222,1,1631,,1,0,12/11/2015,17:08
223,1,1631,,1,0,12/12/2015,5:36
224,1,1631,,1,0,12/12/2015,12:05
225,1,1631,,1,0,12/12/2015,12:19
226,1,1631,,1,0,12/12/2015,17:27
227,1,1631,,1,0,12/13/2015,13:18
228,1,1631,,1,0,12/13/2015,21:02
229,1,1631,,1,0,12/14/2015,8:34
230,1,1631,,1,0,12/14/2015,12:01
231,1,1631,,1,0,12/14/2015,12:21
232,1,1637,,1,0,12/2/2015,8:23
233,1,1637,,1,0,12/2/2015,17:07
234,1,1637,,1,0,12/2/2015,17:39
235,1,1637,,1,0,12/3/2015,8:24
236,1,1637,,1,0,12/4/2015,8:14
237,1,1637,,1,0,12/5/2015,7:54
238,1,1637,,1,0,12/7/2015,18:32
239,1,1637,,1,0,12/8/2015,8:15
240,1,1637,,1,0,12/8/2015,17:03
241,1,1637,,1,0,12/10/2015,8:35
242,1,1637,,1,0,12/10/2015,18:57
243,1,1637,,1,0,12/11/2015,8:21
244,1,1637,,1,0,12/11/2015,17:59
245,1,1637,,1,0,12/12/2015,7:57
246,1,1637,,1,0,12/12/2015,17:31
247,1,1646,,1,0,12/1/2015,18:40
248,1,1646,,1,0,12/2/2015,8:26
249,1,1646,,1,0,12/3/2015,8:12
250,1,1646,,1,0,12/3/2015,17:29
251,1,1646,,1,0,12/5/2015,8:21
252,1,1646,,1,0,12/5/2015,12:02
253,1,1646,,1,0,12/5/2015,12:32
254,1,1646,,1,0,12/5/2015,17:00
255,1,1646,,1,0,12/7/2015,8:26
256,1,1646,,1,0,12/7/2015,17:00
257,1,1646,,1,0,12/8/2015,8:05
258,1,1646,,1,0,12/8/2015,12:01
259,1,1646,,1,0,12/8/2015,12:25
260,1,1646,,1,0,12/9/2015,8:22
261,1,1646,,1,0,12/9/2015,12:01
262,1,1646,,1,0,12/9/2015,12:27
263,1,1646,,1,0,12/9/2015,17:01
264,1,1646,,1,0,12/10/2015,8:23
265,1,1646,,1,0,12/10/2015,12:04
266,1,1646,,1,0,12/10/2015,12:25
267,1,1646,,1,0,12/10/2015,17:02
268,1,1646,,1,0,12/14/2015,8:23
269,1,1648,,1,0,12/1/2015,18:40
270,1,1648,,1,0,12/2/2015,8:11
271,1,1648,,1,0,12/3/2015,8:15
272,1,1648,,1,0,12/3/2015,17:29
273,1,1648,,1,0,12/4/2015,20:08
274,1,1648,,1,0,12/5/2015,8:11
275,1,1648,,1,0,12/5/2015,12:33
276,1,1648,,1,0,12/5/2015,12:33
277,1,1648,,1,0,12/5/2015,17:01
278,1,1648,,1,0,12/8/2015,8:08
279,1,1648,,1,0,12/8/2015,12:01
280,1,1648,,1,0,12/10/2015,8:16
281,1,1648,,1,0,12/10/2015,12:04
282,1,1648,,1,0,12/10/2015,12:25
283,1,1648,,1,0,12/10/2015,17:02
284,1,1648,,1,0,12/11/2015,8:15
285,1,1648,,1,0,12/11/2015,12:02
286,1,1648,,1,0,12/11/2015,17:00
287,1,1649,,1,0,12/1/2015,18:51
288,1,1649,,1,0,12/1/2015,22:01
289,1,1649,,1,0,12/2/2015,7:47
290,1,1649,,1,0,12/2/2015,12:04
291,1,1649,,1,0,12/2/2015,12:20
292,1,1649,,1,0,12/2/2015,17:05
293,1,1649,,1,0,12/3/2015,7:56
294,1,1649,,1,0,12/3/2015,12:03
295,1,1649,,1,0,12/3/2015,12:20
296,1,1649,,1,0,12/3/2015,17:08
297,1,1649,,1,0,12/3/2015,18:30
298,1,1649,,1,0,12/3/2015,21:52
299,1,1649,,1,0,12/4/2015,7:56
300,1,1649,,1,0,12/4/2015,12:05
301,1,1649,,1,0,12/4/2015,12:29
302,1,1649,,1,0,12/4/2015,17:19
303,1,1649,,1,0,12/4/2015,18:08
304,1,1649,,1,0,12/8/2015,7:44
305,1,1649,,1,0,12/8/2015,12:03
306,1,1649,,1,0,12/8/2015,12:21
307,1,1649,,1,0,12/8/2015,17:09
308,1,1649,,1,0,12/8/2015,18:35
309,1,1649,,1,0,12/8/2015,22:26
310,1,1649,,1,0,12/9/2015,7:59
311,1,1649,,1,0,12/9/2015,12:03
312,1,1649,,1,0,12/9/2015,12:24
313,1,1649,,1,0,12/9/2015,17:09
314,1,1649,,1,0,12/9/2015,18:32
315,1,1649,,1,0,12/9/2015,22:27
316,1,1649,,1,0,12/11/2015,7:38
317,1,1649,,1,0,12/11/2015,12:04
318,1,1649,,1,0,12/11/2015,12:25
319,1,1649,,1,0,12/11/2015,17:06
320,1,1649,,1,0,12/11/2015,18:39
321,1,1649,,1,0,12/11/2015,21:58
322,1,1649,,1,0,12/12/2015,7:38
323,1,1649,,1,0,12/12/2015,12:03
324,1,1649,,1,0,12/12/2015,12:23
325,1,1649,,1,0,12/12/2015,17:05
326,1,1651,,1,0,12/2/2015,7:42
327,1,1651,,1,0,12/2/2015,12:06
328,1,1651,,1,0,12/2/2015,12:20
329,1,1651,,1,0,12/3/2015,7:58
330,1,1651,,1,0,12/3/2015,12:03
331,1,1651,,1,0,12/3/2015,12:20
332,1,1651,,1,0,12/3/2015,17:08
333,1,1651,,1,0,12/4/2015,7:43
334,1,1651,,1,0,12/4/2015,12:05
335,1,1651,,1,0,12/4/2015,12:30
336,1,1651,,1,0,12/4/2015,17:19
337,1,1651,,1,0,12/5/2015,7:45
338,1,1651,,1,0,12/5/2015,12:06
339,1,1651,,1,0,12/5/2015,12:20
340,1,1651,,1,0,12/5/2015,17:14
341,1,1651,,1,0,12/8/2015,7:36
342,1,1651,,1,0,12/8/2015,12:02
343,1,1651,,1,0,12/8/2015,12:21
344,1,1651,,1,0,12/8/2015,17:06
345,1,1651,,1,0,12/9/2015,7:39
346,1,1651,,1,0,12/9/2015,12:03
347,1,1651,,1,0,12/9/2015,12:24
348,1,1651,,1,0,12/9/2015,17:07
349,1,1651,,1,0,12/10/2015,7:43
350,1,1651,,1,0,12/10/2015,12:01
351,1,1651,,1,0,12/10/2015,12:24
352,1,1651,,1,0,12/10/2015,17:07
353,1,1651,,1,0,12/11/2015,7:49
354,1,1651,,1,0,12/11/2015,12:03
355,1,1651,,1,0,12/11/2015,12:27
356,1,1651,,1,0,12/12/2015,7:37
357,1,1651,,1,0,12/12/2015,12:03
358,1,1651,,1,0,12/12/2015,12:23
359,1,1651,,1,0,12/12/2015,17:05
360,1,1654,,1,0,12/1/2015,18:42
361,1,1654,,1,0,12/1/2015,18:42
362,1,1654,,1,0,12/2/2015,8:15
363,1,1654,,1,0,12/2/2015,12:01
364,1,1654,,1,0,12/3/2015,8:00
365,1,1654,,1,0,12/3/2015,17:20
366,1,1654,,1,0,12/5/2015,7:43
367,1,1654,,1,0,12/5/2015,17:00
368,1,1654,,1,0,12/7/2015,7:38
369,1,1654,,1,0,12/7/2015,12:07
370,1,1654,,1,0,12/7/2015,12:35
371,1,1654,,1,0,12/7/2015,17:02
372,1,1654,,1,0,12/8/2015,7:36
373,1,1654,,1,0,12/8/2015,12:00
374,1,1654,,1,0,12/8/2015,13:00
375,1,1654,,1,0,12/8/2015,17:01
376,1,1654,,1,0,12/14/2015,7:58
377,1,1664,,1,0,12/2/2015,7:11
378,1,1664,,1,0,12/2/2015,12:04
379,1,1664,,1,0,12/2/2015,12:23
380,1,1664,,1,0,12/2/2015,17:05
381,1,1664,,1,0,12/3/2015,6:38
382,1,1664,,1,0,12/3/2015,12:00
383,1,1664,,1,0,12/3/2015,12:16
384,1,1664,,1,0,12/3/2015,17:06
385,1,1664,,1,0,12/4/2015,7:12
386,1,1664,,1,0,12/4/2015,12:02
387,1,1664,,1,0,12/4/2015,12:17
388,1,1664,,1,0,12/4/2015,17:17
389,1,1664,,1,0,12/5/2015,12:45
390,1,1664,,1,0,12/5/2015,17:03
391,1,1664,,1,0,12/6/2015,7:24
392,1,1664,,1,0,12/6/2015,12:00
393,1,1664,,1,0,12/6/2015,13:17
394,1,1664,,1,0,12/6/2015,23:34
395,1,1664,,1,0,12/8/2015,7:33
396,1,1664,,1,0,12/8/2015,12:03
397,1,1664,,1,0,12/8/2015,12:17
398,1,1664,,1,0,12/8/2015,17:08
399,1,1664,,1,0,12/9/2015,7:29
400,1,1664,,1,0,12/9/2015,12:03
401,1,1664,,1,0,12/9/2015,12:20
402,1,1664,,1,0,12/9/2015,17:01
403,1,1664,,1,0,12/10/2015,7:00
404,1,1664,,1,0,12/10/2015,12:04
405,1,1664,,1,0,12/10/2015,12:18
406,1,1664,,1,0,12/10/2015,17:05
407,1,1664,,1,0,12/11/2015,7:03
408,1,1664,,1,0,12/11/2015,12:02
409,1,1664,,1,0,12/11/2015,12:19
410,1,1664,,1,0,12/11/2015,17:09
411,1,1664,,1,0,12/12/2015,18:30
412,1,1664,,1,0,12/13/2015,10:04
413,1,1664,,1,0,12/13/2015,12:06
414,1,1664,,1,0,12/13/2015,12:25
415,1,1664,,1,0,12/14/2015,7:20
416,1,1664,,1,0,12/14/2015,12:01
417,1,1664,,1,0,12/14/2015,12:23
418,1,1666,,1,0,12/2/2015,7:58
419,1,1666,,1,0,12/2/2015,17:16
420,1,1666,,1,0,12/4/2015,7:59
421,1,1666,,1,0,12/4/2015,17:42
422,1,1666,,1,0,12/5/2015,7:27
423,1,1666,,1,0,12/7/2015,3:37
424,1,1666,,1,0,12/7/2015,18:20
425,1,1666,,1,0,12/8/2015,8:01
426,1,1666,,1,0,12/8/2015,17:31
427,1,1666,,1,0,12/10/2015,7:55
428,1,1666,,1,0,12/11/2015,8:06
429,1,1666,,1,0,12/11/2015,17:37
430,1,1666,,1,0,12/12/2015,7:50
431,1,1666,,1,0,12/12/2015,17:18
432,1,1666,,1,0,12/14/2015,8:08
433,1,1702,,1,0,12/1/2015,18:42
434,1,1702,,1,0,12/2/2015,7:34
435,1,1702,,1,0,12/2/2015,21:03
436,1,1702,,1,0,12/3/2015,7:45
437,1,1702,,1,0,12/3/2015,17:38
438,1,1702,,1,0,12/4/2015,20:08
439,1,1702,,1,0,12/5/2015,7:21
440,1,1702,,1,0,12/5/2015,12:03
441,1,1702,,1,0,12/5/2015,12:31
442,1,1702,,1,0,12/5/2015,17:01
443,1,1702,,1,0,12/7/2015,7:30
444,1,1702,,1,0,12/7/2015,17:01
445,1,1702,,1,0,12/8/2015,7:27
446,1,1702,,1,0,12/8/2015,12:00
447,1,1702,,1,0,12/8/2015,12:25
448,1,1702,,1,0,12/8/2015,17:01
449,1,1702,,1,0,12/9/2015,7:29
450,1,1702,,1,0,12/9/2015,12:01
451,1,1702,,1,0,12/9/2015,12:25
452,1,1702,,1,0,12/9/2015,17:02
453,1,1702,,1,0,12/10/2015,7:21
454,1,1702,,1,0,12/10/2015,12:01
455,1,1702,,1,0,12/10/2015,12:25
456,1,1702,,1,0,12/10/2015,17:01
457,1,1702,,1,0,12/11/2015,7:43
458,1,1702,,1,0,12/11/2015,12:01
459,1,1702,,1,0,12/11/2015,12:27
460,1,1702,,1,0,12/11/2015,17:00
461,1,1702,,1,0,12/12/2015,7:14
462,1,1702,,1,0,12/12/2015,12:01
463,1,1702,,1,0,12/12/2015,12:24
464,1,1702,,1,0,12/12/2015,17:00
465,1,5002,,1,0,12/1/2015,18:12
466,1,5002,,1,0,12/2/2015,8:16
467,1,5002,,1,0,12/2/2015,12:05
468,1,5002,,1,0,12/2/2015,12:24
469,1,5002,,1,0,12/2/2015,17:30
470,1,5002,,1,0,12/2/2015,17:44
471,1,5002,,1,0,12/2/2015,21:44
472,1,5002,,1,0,12/3/2015,8:16
473,1,5002,,1,0,12/3/2015,12:03
474,1,5002,,1,0,12/3/2015,12:29
475,1,5002,,1,0,12/3/2015,17:43
476,1,5002,,1,0,12/3/2015,17:50
477,1,5002,,1,0,12/3/2015,20:11
478,1,5002,,1,0,12/4/2015,8:11
479,1,5002,,1,0,12/4/2015,12:11
480,1,5002,,1,0,12/4/2015,12:41
481,1,5002,,1,0,12/4/2015,17:37
482,1,5002,,1,0,12/4/2015,17:55
483,1,5002,,1,0,12/4/2015,21:00
484,1,5002,,1,0,12/5/2015,7:51
485,1,5002,,1,0,12/5/2015,12:34
486,1,5002,,1,0,12/5/2015,17:41
487,1,5002,,1,0,12/7/2015,8:10
488,1,5002,,1,0,12/7/2015,12:08
489,1,5002,,1,0,12/7/2015,12:31
490,1,5002,,1,0,12/7/2015,17:50
491,1,5002,,1,0,12/7/2015,18:19
492,1,5002,,1,0,12/8/2015,7:49
493,1,5002,,1,0,12/8/2015,12:09
494,1,5002,,1,0,12/8/2015,12:32
495,1,5002,,1,0,12/8/2015,18:22
496,1,5002,,1,0,12/9/2015,7:53
497,1,5002,,1,0,12/9/2015,12:15
498,1,5002,,1,0,12/9/2015,12:36
499,1,5002,,1,0,12/9/2015,18:27
500,1,5002,,1,0,12/10/2015,8:11
501,1,5002,,1,0,12/10/2015,12:03
502,1,5002,,1,0,12/10/2015,12:03
503,1,5002,,1,0,12/10/2015,12:22
504,1,5002,,1,0,12/10/2015,18:21
505,1,5002,,1,0,12/11/2015,7:55
506,1,5002,,1,0,12/11/2015,12:45
507,1,5002,,1,0,12/11/2015,18:23
508,1,5002,,1,0,12/12/2015,8:05
509,1,5002,,1,0,12/12/2015,12:08
510,1,5002,,1,0,12/12/2015,12:37
511,1,5002,,1,0,12/12/2015,17:35
512,1,5002,,1,0,12/12/2015,17:45
513,1,5002,,1,0,12/12/2015,20:01
514,1,5002,,1,0,12/14/2015,9:06
515,1,5002,,1,0,12/14/2015,12:21
516,1,5002,,1,0,12/14/2015,12:55
517,1,15005,,1,0,12/1/2015,22:25
518,1,15005,,1,0,12/3/2015,22:29
519,1,15005,,1,0,12/4/2015,6:54
520,1,15005,,1,0,12/5/2015,22:24
521,1,15005,,1,0,12/7/2015,6:19
522,1,15005,,1,0,12/7/2015,22:25
523,1,15005,,1,0,12/8/2015,6:08
524,1,15005,,1,0,12/8/2015,22:47
525,1,15005,,1,0,12/9/2015,6:14
526,1,15005,,1,0,12/10/2015,6:15
527,1,15005,,1,0,12/11/2015,14:50
528,1,15005,,1,0,12/12/2015,13:48
529,1,15005,,1,0,12/13/2015,12:56
530,1,15005,,1,0,12/14/2015,14:45
531,1,15015,,1,0,12/1/2015,19:58
532,1,15015,,1,0,12/2/2015,6:14
533,1,15015,,1,0,12/2/2015,14:00
534,1,15015,,1,0,12/3/2015,16:14
535,1,15015,,1,0,12/4/2015,14:06
536,1,15015,,1,0,12/6/2015,13:46
537,1,15015,,1,0,12/7/2015,7:45
538,1,15015,,1,0,12/7/2015,22:40
539,1,15015,,1,0,12/8/2015,13:23
540,1,15015,,1,0,12/9/2015,8:07
541,1,15015,,1,0,12/9/2015,21:50
542,1,15015,,1,0,12/10/2015,13:53
543,1,15015,,1,0,12/11/2015,13:56
544,1,15015,,1,0,12/11/2015,22:23
545,1,15015,,1,0,12/12/2015,13:58
546,1,15015,,1,0,12/14/2015,6:43
547,1,15029,,1,0,12/2/2015,7:10
548,1,15029,,1,0,12/2/2015,14:51
549,1,15029,,1,0,12/6/2015,18:03
550,1,15029,,1,0,12/10/2015,19:44
551,1,15029,,1,0,12/13/2015,13:59
552,1,15029,,1,0,12/13/2015,22:09
553,1,15044,,1,0,12/2/2015,7:23
554,1,15044,,1,0,12/2/2015,12:06
555,1,15044,,1,0,12/2/2015,12:20
556,1,15044,,1,0,12/2/2015,17:02
557,1,15044,,1,0,12/3/2015,6:36
558,1,15044,,1,0,12/3/2015,12:01
559,1,15044,,1,0,12/3/2015,12:45
560,1,15044,,1,0,12/3/2015,17:05
561,1,15044,,1,0,12/4/2015,6:48
562,1,15044,,1,0,12/4/2015,12:03
563,1,15044,,1,0,12/4/2015,12:17
564,1,15044,,1,0,12/4/2015,17:00
565,1,15044,,1,0,12/5/2015,6:53
566,1,15044,,1,0,12/5/2015,12:01
567,1,15044,,1,0,12/5/2015,12:19
568,1,15044,,1,0,12/6/2015,7:26
569,1,15044,,1,0,12/6/2015,12:25
570,1,15044,,1,0,12/6/2015,23:40
571,1,15044,,1,0,12/7/2015,7:26
572,1,15044,,1,0,12/7/2015,12:01
573,1,15044,,1,0,12/7/2015,12:17
574,1,15044,,1,0,12/7/2015,12:17
575,1,15044,,1,0,12/7/2015,17:00
576,1,15044,,1,0,12/8/2015,7:00
577,1,15044,,1,0,12/8/2015,12:00
578,1,15044,,1,0,12/8/2015,12:17
579,1,15044,,1,0,12/8/2015,17:06
580,1,15044,,1,0,12/9/2015,6:53
581,1,15044,,1,0,12/9/2015,12:01
582,1,15044,,1,0,12/9/2015,12:16
583,1,15044,,1,0,12/9/2015,17:03
584,1,15044,,1,0,12/10/2015,6:59
585,1,15044,,1,0,12/10/2015,12:02
586,1,15044,,1,0,12/10/2015,12:17
587,1,15044,,1,0,12/10/2015,17:06
588,1,15044,,1,0,12/11/2015,6:24
589,1,15044,,1,0,12/11/2015,12:04
590,1,15044,,1,0,12/11/2015,12:19
591,1,15044,,1,0,12/11/2015,17:02
592,1,15044,,1,0,12/12/2015,12:00
593,1,15044,,1,0,12/12/2015,12:18
594,1,15044,,1,0,12/12/2015,17:03
595,1,15044,,1,0,12/13/2015,10:10
596,1,15044,,1,0,12/13/2015,12:06
597,1,15044,,1,0,12/13/2015,12:45
598,1,15044,,1,0,12/14/2015,7:02
599,1,15044,,1,0,12/14/2015,12:24
600,1,15044,,1,0,12/14/2015,12:27
601,1,15048,,1,0,12/1/2015,18:39
602,1,15048,,1,0,12/2/2015,8:18
603,1,15048,,1,0,12/2/2015,12:04
604,1,15048,,1,0,12/2/2015,12:23
605,1,15048,,1,0,12/2/2015,17:09
606,1,15048,,1,0,12/3/2015,8:26
607,1,15048,,1,0,12/3/2015,12:02
608,1,15048,,1,0,12/3/2015,12:39
609,1,15048,,1,0,12/3/2015,17:08
610,1,15048,,1,0,12/5/2015,7:56
611,1,15048,,1,0,12/5/2015,12:05
612,1,15048,,1,0,12/5/2015,12:35
613,1,15048,,1,0,12/5/2015,17:02
614,1,15048,,1,0,12/5/2015,17:26
615,1,15048,,1,0,12/5/2015,18:32
616,1,15048,,1,0,12/7/2015,7:37
617,1,15048,,1,0,12/7/2015,12:04
618,1,15048,,1,0,12/7/2015,12:23
619,1,15048,,1,0,12/7/2015,17:01
620,1,15048,,1,0,12/8/2015,7:53
621,1,15048,,1,0,12/8/2015,12:01
622,1,15048,,1,0,12/8/2015,12:26
623,1,15048,,1,0,12/8/2015,17:08
624,1,15048,,1,0,12/9/2015,7:59
625,1,15048,,1,0,12/9/2015,12:02
626,1,15048,,1,0,12/9/2015,12:20
627,1,15048,,1,0,12/9/2015,17:09
628,1,15048,,1,0,12/10/2015,8:00
629,1,15048,,1,0,12/10/2015,12:02
630,1,15048,,1,0,12/10/2015,12:26
631,1,15048,,1,0,12/10/2015,17:02
632,1,15048,,1,0,12/10/2015,17:08
633,1,15048,,1,0,12/10/2015,19:03
634,1,15048,,1,0,12/11/2015,8:00
635,1,15048,,1,0,12/11/2015,12:03
636,1,15048,,1,0,12/11/2015,12:28
637,1,15048,,1,0,12/11/2015,17:09
638,1,15048,,1,0,12/12/2015,7:12
639,1,15048,,1,0,12/12/2015,12:04
640,1,15048,,1,0,12/12/2015,12:20
641,1,15048,,1,0,12/12/2015,17:11
642,1,15048,,1,0,12/12/2015,17:31
643,1,15048,,1,0,12/12/2015,19:11
644,1,15048,,1,0,12/14/2015,8:09
645,1,15048,,1,0,12/14/2015,12:18
646,1,15048,,1,0,12/14/2015,12:50
647,1,15050,,1,0,12/1/2015,19:47
648,1,15050,,1,0,12/2/2015,8:11
649,1,15050,,1,0,12/2/2015,18:05
650,1,15050,,1,0,12/3/2015,8:07
651,1,15050,,1,0,12/3/2015,18:11
652,1,15050,,1,0,12/4/2015,8:06
653,1,15050,,1,0,12/5/2015,7:11
654,1,15050,,1,0,12/7/2015,3:22
655,1,15050,,1,0,12/7/2015,18:27
656,1,15050,,1,0,12/8/2015,8:12
657,1,15050,,1,0,12/8/2015,18:08
658,1,15050,,1,0,12/10/2015,8:11
659,1,15050,,1,0,12/10/2015,18:52
660,1,15050,,1,0,12/11/2015,8:02
661,1,15050,,1,0,12/12/2015,8:05
662,1,15050,,1,0,12/12/2015,18:50
663,1,15050,,1,0,12/14/2015,8:11
664,1,15057,,1,0,12/1/2015,21:46
665,1,15057,,1,0,12/2/2015,6:13
666,1,15057,,1,0,12/2/2015,21:29
667,1,15057,,1,0,12/4/2015,14:55
668,1,15057,,1,0,12/5/2015,14:30
669,1,15057,,1,0,12/5/2015,23:53
670,1,15057,,1,0,12/6/2015,14:59
671,1,15057,,1,0,12/6/2015,23:16
672,1,15057,,1,0,12/7/2015,13:30
673,1,15057,,1,0,12/7/2015,23:16
674,1,15057,,1,0,12/8/2015,14:45
675,1,15057,,1,0,12/8/2015,23:36
676,1,15057,,1,0,12/9/2015,14:03
677,1,15057,,1,0,12/9/2015,23:20
678,1,15057,,1,0,12/10/2015,13:58
679,1,15075,,1,0,12/1/2015,22:14
680,1,15075,,1,0,12/2/2015,7:54
681,1,15075,,1,0,12/2/2015,22:31
682,1,15075,,1,0,12/3/2015,10:12
683,1,15075,,1,0,12/4/2015,13:36
684,1,15075,,1,0,12/4/2015,22:15
685,1,15075,,1,0,12/7/2015,15:56
686,1,15075,,1,0,12/7/2015,15:56
687,1,15075,,1,0,12/9/2015,7:34
688,1,15075,,1,0,12/9/2015,15:12
689,1,15075,,1,0,12/10/2015,8:04
690,1,15075,,1,0,12/10/2015,17:31
691,1,15075,,1,0,12/11/2015,16:05
692,1,15080,,1,0,12/2/2015,8:50
693,1,15080,,1,0,12/3/2015,8:34
694,1,15080,,1,0,12/3/2015,8:34
695,1,15080,,1,0,12/4/2015,8:31
696,1,15080,,1,0,12/5/2015,7:26
697,1,15080,,1,0,12/7/2015,3:50
698,1,15080,,1,0,12/7/2015,3:50
699,1,15080,,1,0,12/7/2015,18:28
700,1,15080,,1,0,12/7/2015,18:28
701,1,15080,,1,0,12/7/2015,18:28
702,1,15080,,1,0,12/7/2015,18:28
703,1,15080,,1,0,12/8/2015,8:55
704,1,15080,,1,0,12/9/2015,9:24
705,1,15080,,1,0,12/9/2015,9:25
706,1,15080,,1,0,12/10/2015,8:56
707,1,15080,,1,0,12/11/2015,8:40
708,1,15080,,1,0,12/12/2015,8:32
709,1,15080,,1,0,12/14/2015,8:58
710,1,15100,,1,0,12/2/2015,6:55
711,1,15100,,1,0,12/2/2015,7:24
712,1,15100,,1,0,12/2/2015,12:05
713,1,15100,,1,0,12/2/2015,12:57
714,1,15100,,1,0,12/2/2015,12:57
715,1,15100,,1,0,12/2/2015,17:09
716,1,15100,,1,0,12/3/2015,6:59
717,1,15100,,1,0,12/3/2015,12:20
718,1,15100,,1,0,12/3/2015,17:08
719,1,15100,,1,0,12/4/2015,7:09
720,1,15100,,1,0,12/4/2015,12:02
721,1,15100,,1,0,12/4/2015,12:44
722,1,15100,,1,0,12/4/2015,17:01
723,1,15100,,1,0,12/5/2015,6:59
724,1,15100,,1,0,12/5/2015,7:09
725,1,15100,,1,0,12/5/2015,12:03
726,1,15100,,1,0,12/5/2015,12:19
727,1,15100,,1,0,12/5/2015,12:52
728,1,15100,,1,0,12/5/2015,17:03
729,1,15100,,1,0,12/6/2015,7:46
730,1,15100,,1,0,12/6/2015,12:02
731,1,15100,,1,0,12/6/2015,12:25
732,1,15100,,1,0,12/6/2015,17:12
733,1,15100,,1,0,12/6/2015,17:42
734,1,15100,,1,0,12/6/2015,23:40
735,1,15100,,1,0,12/7/2015,6:56
736,1,15100,,1,0,12/7/2015,12:01
737,1,15100,,1,0,12/7/2015,13:20
738,1,15100,,1,0,12/7/2015,17:07
739,1,15100,,1,0,12/8/2015,7:09
740,1,15100,,1,0,12/8/2015,12:02
741,1,15100,,1,0,12/8/2015,12:49
742,1,15100,,1,0,12/8/2015,17:07
743,1,15100,,1,0,12/9/2015,7:04
744,1,15100,,1,0,12/9/2015,12:03
745,1,15100,,1,0,12/9/2015,12:25
746,1,15100,,1,0,12/9/2015,17:02
747,1,15100,,1,0,12/10/2015,7:05
748,1,15100,,1,0,12/10/2015,12:04
749,1,15100,,1,0,12/10/2015,12:20
750,1,15100,,1,0,12/10/2015,17:05
751,1,15100,,1,0,12/11/2015,6:49
752,1,15100,,1,0,12/11/2015,12:02
753,1,15100,,1,0,12/11/2015,12:30
754,1,15100,,1,0,12/11/2015,17:06
755,1,15100,,1,0,12/12/2015,5:57
756,1,15100,,1,0,12/12/2015,12:02
757,1,15100,,1,0,12/12/2015,12:23
758,1,15100,,1,0,12/12/2015,17:17
759,1,15100,,1,0,12/12/2015,18:27
760,1,15100,,1,0,12/13/2015,10:04
761,1,15100,,1,0,12/13/2015,12:06
762,1,15100,,1,0,12/13/2015,12:21
763,1,15100,,1,0,12/13/2015,17:08
764,1,15100,,1,0,12/14/2015,7:10
765,1,15100,,1,0,12/14/2015,12:01
766,1,15100,,1,0,12/14/2015,12:30
767,1,28004,,1,0,12/2/2015,7:13
768,1,28004,,1,0,12/2/2015,12:04
769,1,28004,,1,0,12/2/2015,12:42
770,1,28004,,1,0,12/2/2015,17:05
771,1,28004,,1,0,12/2/2015,17:05
772,1,28004,,1,0,12/3/2015,7:12
773,1,28004,,1,0,12/3/2015,7:12
774,1,28004,,1,0,12/3/2015,12:00
775,1,28004,,1,0,12/3/2015,12:00
776,1,28004,,1,0,12/3/2015,12:28
777,1,28004,,1,0,12/3/2015,17:08
778,1,28004,,1,0,12/4/2015,7:09
779,1,28004,,1,0,12/4/2015,12:02
780,1,28004,,1,0,12/4/2015,12:31
781,1,28004,,1,0,12/4/2015,17:08
782,1,28004,,1,0,12/5/2015,7:02
783,1,28004,,1,0,12/5/2015,7:02
784,1,28004,,1,0,12/5/2015,12:02
785,1,28004,,1,0,12/5/2015,12:27
786,1,28004,,1,0,12/6/2015,7:04
787,1,28004,,1,0,12/6/2015,12:00
788,1,28004,,1,0,12/7/2015,6:41
789,1,28004,,1,0,12/7/2015,12:01
790,1,28004,,1,0,12/7/2015,12:32
791,1,28004,,1,0,12/7/2015,17:00
792,1,28004,,1,0,12/8/2015,6:50
793,1,28004,,1,0,12/8/2015,6:50
794,1,28004,,1,0,12/8/2015,12:01
795,1,28004,,1,0,12/8/2015,12:24
796,1,28004,,1,0,12/8/2015,17:03
797,1,28004,,1,0,12/9/2015,7:16
798,1,28004,,1,0,12/9/2015,12:00
799,1,28004,,1,0,12/9/2015,12:25
800,1,28004,,1,0,12/9/2015,17:07
801,1,28004,,1,0,12/10/2015,7:27
802,1,28004,,1,0,12/10/2015,12:01
803,1,28004,,1,0,12/10/2015,12:31
804,1,28004,,1,0,12/10/2015,17:01
805,1,28004,,1,0,12/11/2015,7:34
806,1,28004,,1,0,12/11/2015,12:00
807,1,28004,,1,0,12/11/2015,12:38
808,1,28004,,1,0,12/11/2015,17:00
809,1,28004,,1,0,12/12/2015,7:31
810,1,28004,,1,0,12/12/2015,7:31
811,1,28004,,1,0,12/12/2015,12:00
812,1,28004,,1,0,12/12/2015,12:28
813,1,28004,,1,0,12/12/2015,17:04
814,1,28004,,1,0,12/14/2015,7:51
815,1,28004,,1,0,12/14/2015,12:00
816,1,28004,,1,0,12/14/2015,12:24
817,1,28079,,1,0,12/1/2015,20:18
818,1,28079,,1,0,12/2/2015,6:13
819,1,28079,,1,0,12/3/2015,5:59
820,1,28079,,1,0,12/3/2015,16:41
821,1,28079,,1,0,12/4/2015,5:59
822,1,28079,,1,0,12/4/2015,14:14
823,1,28079,,1,0,12/6/2015,14:01
824,1,28079,,1,0,12/6/2015,22:21
825,1,28079,,1,0,12/7/2015,8:14
826,1,28079,,1,0,12/7/2015,22:41
827,1,28079,,1,0,12/8/2015,13:54
828,1,28079,,1,0,12/8/2015,22:16
829,1,28079,,1,0,12/9/2015,8:03
830,1,28079,,1,0,12/9/2015,22:11
831,1,28079,,1,0,12/10/2015,13:56
832,1,28079,,1,0,12/10/2015,23:35
833,1,28079,,1,0,12/11/2015,13:56
834,1,28079,,1,0,12/11/2015,22:33
835,1,28079,,1,0,12/12/2015,13:54
836,1,28079,,1,0,12/12/2015,23:12
837,1,28079,,1,0,12/14/2015,7:01
838,1,30004,,1,0,12/1/2015,23:14
839,1,30004,,1,0,12/1/2015,23:14
840,1,30004,,1,0,12/3/2015,0:41
841,1,30004,,1,0,12/4/2015,7:17
842,1,30004,,1,0,12/4/2015,21:21
843,1,30004,,1,0,12/5/2015,6:20
844,1,30004,,1,0,12/6/2015,7:15
845,1,30004,,1,0,12/6/2015,21:25
846,1,30004,,1,0,12/7/2015,21:44
847,1,30004,,1,0,12/9/2015,6:18
848,1,30004,,1,0,12/9/2015,21:19
849,1,30004,,1,0,12/10/2015,6:17
850,1,30004,,1,0,12/11/2015,14:44
851,1,30004,,1,0,12/12/2015,1:58
852,1,30004,,1,0,12/12/2015,14:21
853,1,30004,,1,0,12/13/2015,1:57
854,1,30004,,1,0,12/13/2015,12:35
855,1,30004,,1,0,12/14/2015,2:07
856,1,30004,,1,0,12/14/2015,6:02
857,1,30011,,1,0,12/3/2015,15:06
858,1,30011,,1,0,12/5/2015,16:05
859,1,30011,,1,0,12/6/2015,16:47
860,1,30011,,1,0,12/7/2015,16:32
861,1,30011,,1,0,12/10/2015,21:40
862,1,30011,,1,0,12/11/2015,9:38
863,1,30011,,1,0,12/14/2015,6:23
864,1,30060,,1,0,12/1/2015,20:01
865,1,30060,,1,0,12/2/2015,7:36
866,1,30060,,1,0,12/2/2015,7:44
867,1,30060,,1,0,12/2/2015,21:07
868,1,30060,,1,0,12/3/2015,7:41
869,1,30060,,1,0,12/3/2015,17:24
870,1,30060,,1,0,12/4/2015,7:10
871,1,30060,,1,0,12/4/2015,20:08
872,1,30060,,1,0,12/5/2015,7:32
873,1,30060,,1,0,12/5/2015,12:04
874,1,30060,,1,0,12/5/2015,12:45
875,1,30060,,1,0,12/5/2015,17:08
876,1,30060,,1,0,12/7/2015,7:22
877,1,30060,,1,0,12/7/2015,17:37
878,1,30060,,1,0,12/8/2015,7:02
879,1,30060,,1,0,12/9/2015,7:32
880,1,30060,,1,0,12/9/2015,17:22
881,1,30060,,1,0,12/10/2015,7:14
882,1,30060,,1,0,12/10/2015,17:02
883,1,30060,,1,0,12/11/2015,7:32
884,1,30060,,1,0,12/11/2015,17:06
885,1,30060,,1,0,12/12/2015,6:32
886,1,30060,,1,0,12/12/2015,17:01
887,1,30060,,1,0,12/14/2015,7:37
888,1,30061,,1,0,12/3/2015,15:05
889,1,30061,,1,0,12/3/2015,17:21
890,1,30061,,1,0,12/4/2015,9:09
891,1,30061,,1,0,12/4/2015,12:30
892,1,30061,,1,0,12/4/2015,12:49
893,1,30061,,1,0,12/4/2015,17:19
894,1,30061,,1,0,12/5/2015,9:38
895,1,30061,,1,0,12/5/2015,12:46
896,1,30061,,1,0,12/8/2015,6:43
897,1,30061,,1,0,12/8/2015,12:16
898,1,30061,,1,0,12/8/2015,12:34
899,1,30061,,1,0,12/8/2015,17:17
900,1,30061,,1,0,12/9/2015,6:52
901,1,30061,,1,0,12/9/2015,12:25
902,1,30061,,1,0,12/9/2015,12:42
903,1,30061,,1,0,12/9/2015,17:14
904,1,30061,,1,0,12/10/2015,6:38
905,1,30061,,1,0,12/10/2015,12:11
906,1,30061,,1,0,12/10/2015,12:27
907,1,30061,,1,0,12/10/2015,17:14
908,1,30061,,1,0,12/11/2015,8:47
909,1,30061,,1,0,12/11/2015,12:17
910,1,30061,,1,0,12/12/2015,9:37
911,1,30061,,1,0,12/12/2015,12:07
912,1,30061,,1,0,12/12/2015,12:42
913,1,30061,,1,0,12/12/2015,17:25
914,1,30061,,1,0,12/14/2015,6:49
915,1,30061,,1,0,12/14/2015,12:25
916,1,30061,,1,0,12/14/2015,12:47
917,1,30063,,1,0,12/4/2015,8:37
918,1,30063,,1,0,12/5/2015,7:11
919,1,30063,,1,0,12/7/2015,18:27
920,1,30063,,1,0,12/8/2015,8:15
921,1,30063,,1,0,12/9/2015,9:25
922,1,30063,,1,0,12/10/2015,8:43
923,1,30063,,1,0,12/10/2015,18:52
924,1,30063,,1,0,12/11/2015,8:49
925,1,30063,,1,0,12/11/2015,17:59
926,1,30063,,1,0,12/12/2015,8:46
927,1,30063,,1,0,12/12/2015,19:11
928,1,30064,,1,0,12/4/2015,8:10
929,1,30064,,1,0,12/5/2015,7:54
930,1,30064,,1,0,12/7/2015,18:26
931,1,30064,,1,0,12/8/2015,18:25
932,1,30064,,1,0,12/9/2015,9:25
933,1,30064,,1,0,12/9/2015,9:25
934,1,30064,,1,0,12/11/2015,8:43
935,1,30064,,1,0,12/12/2015,8:25
936,1,30064,,1,0,12/12/2015,8:25
937,1,30064,,1,0,12/12/2015,18:50
938,1,30064,,1,0,12/14/2015,8:32
939,1,30065,,1,0,12/1/2015,18:10
940,1,30065,,1,0,12/2/2015,8:15
941,1,30065,,1,0,12/4/2015,8:11
942,1,30065,,1,0,12/4/2015,21:00
943,1,30065,,1,0,12/5/2015,7:51
944,1,30065,,1,0,12/5/2015,17:25
945,1,30065,,1,0,12/7/2015,3:22
946,1,30065,,1,0,12/7/2015,18:26
947,1,30065,,1,0,12/8/2015,7:47
948,1,30065,,1,0,12/8/2015,17:16
949,1,30065,,1,0,12/9/2015,7:53
950,1,30065,,1,0,12/9/2015,17:25
951,1,30065,,1,0,12/10/2015,8:11
952,1,30065,,1,0,12/10/2015,18:48
953,1,30065,,1,0,12/11/2015,7:55
954,1,30065,,1,0,12/11/2015,17:33
955,1,30065,,1,0,12/12/2015,8:03
956,1,30065,,1,0,12/12/2015,17:18
957,1,30065,,1,0,12/14/2015,9:06
958,1,30066,,1,0,12/2/2015,7:07
959,1,30066,,1,0,12/2/2015,21:15
960,1,30066,,1,0,12/3/2015,7:27
961,1,30066,,1,0,12/3/2015,15:05
962,1,30066,,1,0,12/4/2015,7:21
963,1,30066,,1,0,12/4/2015,16:19
964,1,30066,,1,0,12/5/2015,7:06
965,1,30066,,1,0,12/5/2015,16:03
966,1,30066,,1,0,12/6/2015,6:53
967,1,30066,,1,0,12/6/2015,16:46
968,1,30066,,1,0,12/7/2015,7:15
969,1,30066,,1,0,12/7/2015,16:37
970,1,30066,,1,0,12/7/2015,16:37
971,1,30066,,1,0,12/8/2015,22:04
972,1,30066,,1,0,12/10/2015,21:47
973,1,30066,,1,0,12/11/2015,9:28
974,1,30066,,1,0,12/11/2015,21:42
975,1,30066,,1,0,12/12/2015,21:31
976,1,30066,,1,0,12/13/2015,6:15
977,1,30066,,1,0,12/13/2015,21:45
978,1,30066,,1,0,12/14/2015,6:20
979,1,30083,,1,0,12/3/2015,12:00
980,1,30083,,1,0,12/5/2015,13:21
981,1,30083,,1,0,12/6/2015,0:06
982,1,30083,,1,0,12/6/2015,5:46
983,1,30083,,1,0,12/6/2015,18:02
984,1,30083,,1,0,12/7/2015,5:56
985,1,30083,,1,0,12/7/2015,15:43
986,1,30083,,1,0,12/8/2015,5:47
987,1,30083,,1,0,12/8/2015,20:44
988,1,30083,,1,0,12/9/2015,5:56
989,1,30083,,1,0,12/9/2015,15:57
990,1,30083,,1,0,12/10/2015,5:53
991,1,30083,,1,0,12/10/2015,20:02
992,1,30083,,1,0,12/11/2015,5:51
993,1,30083,,1,0,12/11/2015,14:47
994,1,30083,,1,0,12/12/2015,5:50
995,1,30083,,1,0,12/12/2015,19:04
996,1,30083,,1,0,12/12/2015,19:09
997,1,30083,,1,0,12/13/2015,22:04
998,1,30083,,1,0,12/14/2015,7:50
999,1,30108,,1,0,12/1/2015,21:42
1000,1,30108,,1,0,12/2/2015,6:13
1001,1,30108,,1,0,12/2/2015,20:53
1002,1,30108,,1,0,12/3/2015,12:28
1003,1,30108,,1,0,12/4/2015,14:53
1004,1,30108,,1,0,12/5/2015,1:32
1005,1,30108,,1,0,12/5/2015,14:36
1006,1,30108,,1,0,12/6/2015,0:22
1007,1,30108,,1,0,12/6/2015,14:51
1008,1,30108,,1,0,12/6/2015,23:22
1009,1,30108,,1,0,12/7/2015,23:24
1010,1,30108,,1,0,12/8/2015,23:48
1011,1,30108,,1,0,12/9/2015,23:21
1012,1,30108,,1,0,12/10/2015,14:27
1013,1,30108,,1,0,12/10/2015,23:55
1014,1,30108,,1,0,12/12/2015,5:58
1015,1,30108,,1,0,12/12/2015,19:09
1016,1,30108,,1,0,12/13/2015,6:07
1017,1,30108,,1,0,12/13/2015,14:18
1018,1,30108,,1,0,12/14/2015,5:59
1019,1,30108,,1,0,12/14/2015,14:17
1020,1,30120,,1,0,12/2/2015,7:54
1021,1,30120,,1,0,12/2/2015,12:04
1022,1,30120,,1,0,12/2/2015,12:26
1023,1,30120,,1,0,12/2/2015,17:34
1024,1,30120,,1,0,12/3/2015,7:55
1025,1,30120,,1,0,12/3/2015,12:03
1026,1,30120,,1,0,12/3/2015,12:25
1027,1,30120,,1,0,12/3/2015,18:21
1028,1,30120,,1,0,12/4/2015,7:54
1029,1,30120,,1,0,12/4/2015,12:13
1030,1,30120,,1,0,12/4/2015,12:42
1031,1,30120,,1,0,12/4/2015,17:38
1032,1,30120,,1,0,12/4/2015,17:57
1033,1,30120,,1,0,12/4/2015,20:45
1034,1,30120,,1,0,12/5/2015,8:09
1035,1,30120,,1,0,12/5/2015,12:06
1036,1,30120,,1,0,12/5/2015,12:32
1037,1,30120,,1,0,12/5/2015,17:05
1038,1,30120,,1,0,12/7/2015,7:47
1039,1,30120,,1,0,12/7/2015,12:05
1040,1,30120,,1,0,12/7/2015,12:27
1041,1,30120,,1,0,12/7/2015,17:43
1042,1,30120,,1,0,12/8/2015,7:56
1043,1,30120,,1,0,12/8/2015,12:04
1044,1,30120,,1,0,12/8/2015,12:28
1045,1,30120,,1,0,12/8/2015,17:54
1046,1,30120,,1,0,12/9/2015,7:55
1047,1,30120,,1,0,12/9/2015,12:02
1048,1,30120,,1,0,12/9/2015,12:21
1049,1,30120,,1,0,12/9/2015,17:59
1050,1,30120,,1,0,12/10/2015,7:50
1051,1,30120,,1,0,12/10/2015,12:03
1052,1,30120,,1,0,12/10/2015,12:26
1053,1,30120,,1,0,12/10/2015,17:55
1054,1,30120,,1,0,12/11/2015,7:54
1055,1,30120,,1,0,12/11/2015,12:03
1056,1,30120,,1,0,12/11/2015,12:27
1057,1,30120,,1,0,12/11/2015,17:10
1058,1,30120,,1,0,12/12/2015,8:05
1059,1,30120,,1,0,12/12/2015,12:04
1060,1,30120,,1,0,12/12/2015,12:28
1061,1,30120,,1,0,12/12/2015,17:41
1062,1,30120,,1,0,12/14/2015,7:54
1063,1,31000,,1,0,12/5/2015,9:46
1064,1,31000,,1,0,12/5/2015,9:46
1065,1,31000,,1,0,12/7/2015,3:24
1066,1,31000,,1,0,12/7/2015,18:25
1067,1,31000,,1,0,12/10/2015,8:35
1068,1,31000,,1,0,12/10/2015,18:56
1069,1,31000,,1,0,12/11/2015,7:57
1070,1,31000,,1,0,12/11/2015,18:01
1071,1,31000,,1,0,12/12/2015,7:58
1072,1,31000,,1,0,12/12/2015,18:53
1073,1,31000,,1,0,12/14/2015,7:30
